{"engineId":"4a4398f0-2b5e-49b6-869b-ff9a61f20ab4","engineName":"MovieDatabase","rdbmsId":"a4506b75-eea8-4547-b566-5955b80ed1c1","varstore":{},"frames":[{"file":"@BaseFolder@\\db\\@ENGINE@\\version\\a4506b75-eea8-4547-b566-5955b80ed1c1\\FRAME555795.gz","meta":"@BaseFolder@\\db\\@ENGINE@\\version\\a4506b75-eea8-4547-b566-5955b80ed1c1\\METADATA__FRAME555795.owl","state":null,"type":"prerna.ds.h2.H2Frame","name":"FRAME555795","keys":["FRAME555795","$CUR_FRAME_KEY"]}],"panels":[{"panelId":"0","panelLabel":null,"view":"visualization","viewOptions":"{\"type\":\"echarts\"}","viewOptionsMap":"{\"federate-view\":{\"core_engine\":\"MovieDatabase\"},\"visualization\":{\"type\":\"echarts\"}}","ornaments":"{\"showMenu\":true}","events":"{\"onSingleClick\":{\"Unfilter\":[{\"disabledVisuals\":[\"Grid\"],\"default\":true,\"query\":\"UnfilterFrame(<SelectedColumn>);\",\"options\":{},\"refresh\":true,\"disabled\":false,\"panel\":\"\"}]},\"onBrush\":{\"Filter\":[{\"default\":true,\"query\":\"if(IsEmpty(<SelectedValues>), UnfilterFrame(<SelectedColumn>), SetFrameFilter(<SelectedColumn>==<SelectedValues>));\",\"options\":{},\"refresh\":true,\"disabled\":false,\"panel\":\"\"}]}}","comments":"{}","position":"{}","filters":[],"order":[],"cbv":{}}],"tasks":{"tasks":[{"type":"basic","task":{"taskType":"basic","id":"task1","numCollected":500,"internalOffset":0,"taskOptions":"{\"options\":{\"0\":{\"layout\":\"Grid\",\"alignment\":{\"label\":[\"Title\"]}}}}","qs":{"qsType":"FRAME","isDistinct":true,"overrideImplicit":false,"limit":0,"offset":0,"relations":"{}","selectors":["COLUMN",{"table":"Title","column":"PRIM_KEY_PLACEHOLDER","alias":"Title","tableAlias":null}]}}},{"type":"basic","task":{"taskType":"basic","id":"task3","numCollected":500,"internalOffset":0,"taskOptions":"{\"options\":{\"0\":{\"layout\":\"Grid\",\"alignment\":{\"label\":[\"MovieBudget\",\"Revenue_Domestic\",\"Revenue_International\",\"Title\"]}}}}","qs":{"qsType":"FRAME","isDistinct":true,"overrideImplicit":false,"limit":0,"offset":0,"relations":"{}","selectors":["COLUMN",{"table":"MovieBudget","column":"PRIM_KEY_PLACEHOLDER","alias":"MovieBudget","tableAlias":null},"COLUMN",{"table":"Revenue_Domestic","column":"PRIM_KEY_PLACEHOLDER","alias":"Revenue_Domestic","tableAlias":null},"COLUMN",{"table":"Revenue_International","column":"PRIM_KEY_PLACEHOLDER","alias":"Revenue_International","tableAlias":null},"COLUMN",{"table":"Title","column":"PRIM_KEY_PLACEHOLDER","alias":"Title","tableAlias":null}]}}},{"type":"basic","task":{"taskType":"basic","id":"task5","numCollected":500,"internalOffset":0,"taskOptions":"{\"options\":{\"0\":{\"layout\":\"Grid\",\"alignment\":{\"label\":[\"MovieBudget\",\"Revenue_Domestic\",\"Revenue_International\",\"Title\",\"TotalRevenue\"]}}}}","qs":{"qsType":"FRAME","isDistinct":true,"overrideImplicit":false,"limit":0,"offset":0,"relations":"{}","selectors":["COLUMN",{"table":"MovieBudget","column":"PRIM_KEY_PLACEHOLDER","alias":"MovieBudget","tableAlias":null},"COLUMN",{"table":"Revenue_Domestic","column":"PRIM_KEY_PLACEHOLDER","alias":"Revenue_Domestic","tableAlias":null},"COLUMN",{"table":"Revenue_International","column":"PRIM_KEY_PLACEHOLDER","alias":"Revenue_International","tableAlias":null},"COLUMN",{"table":"Title","column":"PRIM_KEY_PLACEHOLDER","alias":"Title","tableAlias":null},"COLUMN",{"table":"TotalRevenue","column":"PRIM_KEY_PLACEHOLDER","alias":"TotalRevenue","tableAlias":null}]}}},{"type":"basic","task":{"taskType":"basic","id":"task7","numCollected":500,"internalOffset":0,"taskOptions":"{\"options\":{\"0\":{\"layout\":\"Scatter\",\"alignment\":{\"series\":[],\"x\":[\"TotalRevenue\"],\"y\":[\"MovieBudget\"],\"z\":[],\"label\":[\"Title\"],\"facet\":[]}}}}","qs":{"qsType":"FRAME","isDistinct":true,"overrideImplicit":false,"limit":0,"offset":0,"relations":"{}","selectors":["COLUMN",{"table":"Title","column":"PRIM_KEY_PLACEHOLDER","alias":"Title","tableAlias":null},"COLUMN",{"table":"TotalRevenue","column":"PRIM_KEY_PLACEHOLDER","alias":"TotalRevenue","tableAlias":null},"COLUMN",{"table":"MovieBudget","column":"PRIM_KEY_PLACEHOLDER","alias":"MovieBudget","tableAlias":null}]}}},{"type":"basic","task":{"taskType":"basic","id":"task9","numCollected":500,"internalOffset":0,"taskOptions":"{\"options\":{\"0\":{\"layout\":\"Grid\",\"alignment\":{\"label\":[\"Genre\",\"MovieBudget\",\"Revenue_Domestic\",\"Revenue_International\",\"Title\",\"TotalRevenue\"]}}}}","qs":{"qsType":"FRAME","isDistinct":true,"overrideImplicit":false,"limit":0,"offset":0,"relations":"{}","selectors":["COLUMN",{"table":"Genre","column":"PRIM_KEY_PLACEHOLDER","alias":"Genre","tableAlias":null},"COLUMN",{"table":"MovieBudget","column":"PRIM_KEY_PLACEHOLDER","alias":"MovieBudget","tableAlias":null},"COLUMN",{"table":"Revenue_Domestic","column":"PRIM_KEY_PLACEHOLDER","alias":"Revenue_Domestic","tableAlias":null},"COLUMN",{"table":"Revenue_International","column":"PRIM_KEY_PLACEHOLDER","alias":"Revenue_International","tableAlias":null},"COLUMN",{"table":"Title","column":"PRIM_KEY_PLACEHOLDER","alias":"Title","tableAlias":null},"COLUMN",{"table":"TotalRevenue","column":"PRIM_KEY_PLACEHOLDER","alias":"TotalRevenue","tableAlias":null}]}}},{"type":"basic","task":{"taskType":"basic","id":"task11","numCollected":500,"internalOffset":0,"taskOptions":"{\"options\":{\"0\":{\"layout\":\"Scatter\",\"alignment\":{\"series\":[],\"x\":[\"TotalRevenue\"],\"y\":[\"MovieBudget\"],\"z\":[],\"label\":[\"Title\"],\"facet\":[]}}}}","qs":{"qsType":"FRAME","isDistinct":true,"overrideImplicit":false,"limit":0,"offset":0,"relations":"{}","selectors":["COLUMN",{"table":"Title","column":"PRIM_KEY_PLACEHOLDER","alias":"Title","tableAlias":null},"COLUMN",{"table":"TotalRevenue","column":"PRIM_KEY_PLACEHOLDER","alias":"TotalRevenue","tableAlias":null},"COLUMN",{"table":"MovieBudget","column":"PRIM_KEY_PLACEHOLDER","alias":"MovieBudget","tableAlias":null}]}}},{"type":"basic","task":{"taskType":"basic","id":"task13","numCollected":500,"internalOffset":0,"taskOptions":"{\"options\":{\"0\":{\"layout\":\"Scatter\",\"alignment\":{\"series\":[\"Genre\"],\"x\":[\"TotalRevenue\"],\"y\":[\"MovieBudget\"],\"z\":[],\"label\":[\"Title\"],\"facet\":[]}}}}","qs":{"qsType":"FRAME","isDistinct":true,"overrideImplicit":false,"limit":0,"offset":0,"relations":"{}","selectors":["COLUMN",{"table":"Title","column":"PRIM_KEY_PLACEHOLDER","alias":"Title","tableAlias":null},"COLUMN",{"table":"TotalRevenue","column":"PRIM_KEY_PLACEHOLDER","alias":"TotalRevenue","tableAlias":null},"COLUMN",{"table":"MovieBudget","column":"PRIM_KEY_PLACEHOLDER","alias":"MovieBudget","tableAlias":null},"COLUMN",{"table":"Genre","column":"PRIM_KEY_PLACEHOLDER","alias":"Genre","tableAlias":null}]}}},{"type":"basic","task":{"taskType":"basic","id":"task15","numCollected":500,"internalOffset":0,"taskOptions":"{\"options\":{\"0\":{\"layout\":\"Scatter\",\"alignment\":{\"series\":[\"Genre\"],\"x\":[\"TotalRevenue\"],\"y\":[\"MovieBudget\"],\"label\":[\"Title\"]}}}}","qs":{"qsType":"FRAME","isDistinct":true,"overrideImplicit":false,"limit":0,"offset":0,"relations":"{}","selectors":["COLUMN",{"table":"Genre","column":"PRIM_KEY_PLACEHOLDER","alias":"Genre","tableAlias":null},"COLUMN",{"table":"TotalRevenue","column":"PRIM_KEY_PLACEHOLDER","alias":"TotalRevenue","tableAlias":null},"COLUMN",{"table":"MovieBudget","column":"PRIM_KEY_PLACEHOLDER","alias":"MovieBudget","tableAlias":null},"COLUMN",{"table":"Title","column":"PRIM_KEY_PLACEHOLDER","alias":"Title","tableAlias":null}]}}}],"taskCounter":16},"recipe":["AddPanel ( 0 ) ;","Panel ( 0 ) | AddPanelEvents ( { \"onSingleClick\" : { \"Unfilter\" : [ { \"panel\" : \"\" , \"query\" : \"UnfilterFrame(%3CSelectedColumn%3E)%3B\" , \"options\" : { } , \"refresh\" : true , \"default\" : true , \"disabledVisuals\" : [ \"Grid\" ] , \"disabled\" : false } ] } , \"onBrush\" : { \"Filter\" : [ { \"panel\" : \"\" , \"query\" : \"if(IsEmpty(%3CSelectedValues%3E)%2C%20UnfilterFrame(%3CSelectedColumn%3E)%2C%20SetFrameFilter(%3CSelectedColumn%3E%3D%3D%3CSelectedValues%3E))%3B\" , \"options\" : { } , \"refresh\" : true , \"default\" : true , \"disabled\" : false } ] } } ) ;","Panel ( 0 ) | RetrievePanelEvents ( ) ;","Panel ( 0 ) | SetPanelView ( \"visualization\" , \"%7B%22type%22%3A%22echarts%22%7D\" ) ;","Panel ( 0 ) | SetPanelView ( \"federate-view\" , \"%7B%22core_engine%22%3A%22MovieDatabase%22%7D\" ) ;","CreateFrame ( grid ) .as ( [ 'FRAME555795' ] ) ;","Database ( MovieDatabase ) | Select ( Title ) .as ( [ Title ] ) | Import ( ) ;","Panel ( 0 ) | SetPanelView ( \"visualization\" ) ;","Frame ( ) | Select ( Title ) .as ( [ Title ] ) | With ( Panel ( 0 ) ) | Format ( type = [ 'table' ] ) | TaskOptions ( { \"0\" : { \"layout\" : \"Grid\" , \"alignment\" : { \"label\" : [ \"Title\" ] } } } ) | Collect ( 500 ) ;","Database ( MovieDatabase ) | Select ( Title , Title__MovieBudget , Title__Revenue_Domestic , Title__Revenue_International ) .as ( [ Title , MovieBudget , Revenue_Domestic , Revenue_International ] ) | Merge ( ( Title , inner.join , Title ) ) ;","Frame ( ) | Select ( MovieBudget , Revenue_Domestic , Revenue_International , Title ) .as ( [ MovieBudget , Revenue_Domestic , Revenue_International , Title ] ) | With ( Panel ( 0 ) ) | Format ( type = [ 'table' ] ) | TaskOptions ( { \"0\" : { \"layout\" : \"Grid\" , \"alignment\" : { \"label\" : [ \"MovieBudget\" , \"Revenue_Domestic\" , \"Revenue_International\" , \"Title\" ] } } } ) | Collect ( 500 ) ;","Select ( ( Revenue_Domestic + Revenue_International ) , Revenue_Domestic , Revenue_International ) .as ( [ TotalRevenue , Revenue_Domestic , Revenue_International ] ) | Merge ( ( Revenue_Domestic , inner.join , Revenue_Domestic ) , ( Revenue_International , inner.join , Revenue_International ) ) ;","Frame ( ) | Select ( MovieBudget , Revenue_Domestic , Revenue_International , Title , TotalRevenue ) .as ( [ MovieBudget , Revenue_Domestic , Revenue_International , Title , TotalRevenue ] ) | With ( Panel ( 0 ) ) | Format ( type = [ 'table' ] ) | TaskOptions ( { \"0\" : { \"layout\" : \"Grid\" , \"alignment\" : { \"label\" : [ \"MovieBudget\" , \"Revenue_Domestic\" , \"Revenue_International\" , \"Title\" , \"TotalRevenue\" ] } } } ) | Collect ( 500 ) ;","if ( ( HasDuplicates ( Title ) ) , ( Select ( Title , Average ( TotalRevenue ) , Average ( MovieBudget ) ) .as ( [ Title , AverageofTotalRevenue , AverageofMovieBudget ] ) | Group ( Title ) | With ( Panel ( 0 ) ) | Format ( type = [ 'table' ] ) | TaskOptions ( { \"0\" : { \"layout\" : \"Scatter\" , \"alignment\" : { \"label\" : [ \"Title\" ] , \"x\" : [ \"AverageofTotalRevenue\" ] , \"y\" : [ \"AverageofMovieBudget\" ] , \"z\" : [ ] , \"series\" : [ ] , \"facet\" : [ ] } } } ) | Collect ( 500 ) ) , ( Select ( Title , TotalRevenue , MovieBudget ) .as ( [ Title , TotalRevenue , MovieBudget ] ) | With ( Panel ( 0 ) ) | Format ( type = [ 'table' ] ) | TaskOptions ( { \"0\" : { \"layout\" : \"Scatter\" , \"alignment\" : { \"label\" : [ \"Title\" ] , \"x\" : [ \"TotalRevenue\" ] , \"y\" : [ \"MovieBudget\" ] , \"z\" : [ ] , \"series\" : [ ] , \"facet\" : [ ] } } } ) | Collect ( 500 ) ) ) ;","Database ( MovieDatabase ) | Select ( Title , Genre ) .as ( [ Title , Genre ] ) | Join ( ( Title , inner.join , Genre ) ) | Merge ( ( Title , inner.join , Title ) ) ;","Frame ( ) | Select ( Genre , MovieBudget , Revenue_Domestic , Revenue_International , Title , TotalRevenue ) .as ( [ Genre , MovieBudget , Revenue_Domestic , Revenue_International , Title , TotalRevenue ] ) | With ( Panel ( 0 ) ) | Format ( type = [ 'table' ] ) | TaskOptions ( { \"0\" : { \"layout\" : \"Grid\" , \"alignment\" : { \"label\" : [ \"Genre\" , \"MovieBudget\" , \"Revenue_Domestic\" , \"Revenue_International\" , \"Title\" , \"TotalRevenue\" ] } } } ) | Collect ( 500 ) ;","if ( ( HasDuplicates ( Title ) ) , ( Select ( Title , Average ( TotalRevenue ) , Average ( MovieBudget ) ) .as ( [ Title , AverageofTotalRevenue , AverageofMovieBudget ] ) | Group ( Title ) | With ( Panel ( 0 ) ) | Format ( type = [ 'table' ] ) | TaskOptions ( { \"0\" : { \"layout\" : \"Scatter\" , \"alignment\" : { \"label\" : [ \"Title\" ] , \"x\" : [ \"AverageofTotalRevenue\" ] , \"y\" : [ \"AverageofMovieBudget\" ] , \"z\" : [ ] , \"series\" : [ ] , \"facet\" : [ ] } } } ) | Collect ( 500 ) ) , ( Select ( Title , TotalRevenue , MovieBudget ) .as ( [ Title , TotalRevenue , MovieBudget ] ) | With ( Panel ( 0 ) ) | Format ( type = [ 'table' ] ) | TaskOptions ( { \"0\" : { \"layout\" : \"Scatter\" , \"alignment\" : { \"label\" : [ \"Title\" ] , \"x\" : [ \"TotalRevenue\" ] , \"y\" : [ \"MovieBudget\" ] , \"z\" : [ ] , \"series\" : [ ] , \"facet\" : [ ] } } } ) | Collect ( 500 ) ) ) ;","if ( ( HasDuplicates ( Title ) ) , ( Select ( Title , Average ( TotalRevenue ) , Average ( MovieBudget ) , UniqueGroupConcat ( Genre ) ) .as ( [ Title , AverageofTotalRevenue , AverageofMovieBudget , UniqueGroupConcatofGenre ] ) | Group ( Title ) | With ( Panel ( 0 ) ) | Format ( type = [ 'table' ] ) | TaskOptions ( { \"0\" : { \"layout\" : \"Scatter\" , \"alignment\" : { \"label\" : [ \"Title\" ] , \"x\" : [ \"AverageofTotalRevenue\" ] , \"y\" : [ \"AverageofMovieBudget\" ] , \"z\" : [ ] , \"series\" : [ \"UniqueGroupConcatofGenre\" ] , \"facet\" : [ ] } } } ) | Collect ( 500 ) ) , ( Select ( Title , TotalRevenue , MovieBudget , Genre ) .as ( [ Title , TotalRevenue , MovieBudget , Genre ] ) | With ( Panel ( 0 ) ) | Format ( type = [ 'table' ] ) | TaskOptions ( { \"0\" : { \"layout\" : \"Scatter\" , \"alignment\" : { \"label\" : [ \"Title\" ] , \"x\" : [ \"TotalRevenue\" ] , \"y\" : [ \"MovieBudget\" ] , \"z\" : [ ] , \"series\" : [ \"Genre\" ] , \"facet\" : [ ] } } } ) | Collect ( 500 ) ) ) ;","UnfilterFrame ( Title ) ;","Frame ( ) | Select ( Genre , TotalRevenue , MovieBudget , Title ) .as ( [ Genre , TotalRevenue , MovieBudget , Title ] ) | With ( Panel ( 0 ) ) | Format ( type = [ 'table' ] ) | TaskOptions ( { \"0\" : { \"layout\" : \"Scatter\" , \"alignment\" : { \"series\" : [ \"Genre\" ] , \"x\" : [ \"TotalRevenue\" ] , \"y\" : [ \"MovieBudget\" ] , \"label\" : [ \"Title\" ] } } } ) | Collect ( 500 ) ;","Panel ( 0 ) | AddPanelOrnaments ( { \"showMenu\" : true } ) ;","Panel ( 0 ) | RetrievePanelOrnaments ( \"showMenu\" ) ;"]}