{"insightID":"5dd66f97-ee5d-486d-ad80-e2e7c53caaf6","pixelReturn":[{"pixelExpression":"Frame ( ) | Select ( Genre , TotalRevenue , MovieBudget , Title ) .as ( [ Genre , TotalRevenue , MovieBudget , Title ] ) | With ( Panel ( 0 ) ) | Format ( type = [ 'table' ] ) | TaskOptions ( { \"0\" : { \"layout\" : \"Scatter\" , \"alignment\" : { \"series\" : [ \"Genre\" ] , \"x\" : [ \"TotalRevenue\" ] , \"y\" : [ \"MovieBudget\" ] , \"label\" : [ \"Title\" ] } } } ) | Collect ( 500 ) ;","isMeta":false,"output":{"data":{"values":[["Action-Adventure",1.8634654E7,2.5E7,"Max_Keebles_Big_Move"],["Action-Adventure",2.10819611E8,3.0E7,"District_9"],["Action-Adventure",3.19713881E8,1.5E8,"The_Last_Airbender"],["Action-Adventure",2.8834009E7,1.7E7,"Beastly"],["Action-Adventure",3.8869464E7,3.9E7,"Serenity"],["Action-Adventure",8.5416905E7,3.5E7,"Max_Payne"],["Action-Adventure",4.9230772E7,1.5E7,"The_Hurt_Locker"],["Action-Adventure",3.21455689E8,7.0E7,"Inglourious_Basterds"],["Action-Adventure",6.0522E7,1.3E8,"After_Earth"],["Action-Adventure",1.80949045E8,3.0E7,"Kill_Bill_Vol._1"],["Action-Adventure",1.77584879E8,6.6E7,"War_Horse"],["Action-Adventure",2.19851172E8,2.0E8,"Green_Lantern"],["Action-Adventure",2.5605015E7,0.0,"Cant_Hardly_Wait"],["Action-Adventure",2.78019771E8,1.9E7,"Scary_Movie"],["Action-Adventure",8.62394E8,1.3E8,"The_Hunger_Games:_Catching_Fire"],["Action-Adventure",1.0903312E7,4.7E7,"Jonah_Hex"],["Action-Adventure",1.9422E7,1.5E7,"Seven_Psychopaths"],["Action-Adventure",1.42400065E8,7.5E7,"The_Legend_of_Zorro"],["Action-Adventure",2.9379723E7,2.5E7,"The_Losers"],["Action-Adventure",2.77448382E8,7.0E7,"XXX"],["Action-Adventure",9257103.0,2.0E7,"Ringmaster"],["Action-Adventure",1.19E8,4.0E7,"Lone_Survivor"],["Action-Adventure",1.0372291E7,9.0E7,"Town_&_Country"],["Action-Adventure",2.28778E8,1.9E8,"Star_Trek_Into_Darkness"],["Action-Adventure",4.48191819E8,1.3E8,"Tarzan"],["Action-Adventure",1.43062E8,1.75E8,"47_Ronin"],["Action-Adventure",2.4536048E8,1.37E8,"Hulk"],["Action-Adventure",1.3263993E7,5.0E7,"The_Mod_Squad"],["Action-Adventure",2.74925095E8,1.9E7,"Spirited_Away"],["Action-Adventure",4.3368779E7,1700000.0,"In_the_Bedroom"],["Action-Adventure",3.3463969E7,8.0E7,"Red_Planet"],["Action-Adventure",6.5900249E7,9.0E7,"Flags_of_Our_Fathers"],["Action-Adventure",9.23285627E8,9.4E7,"The_Lord_of_the_Rings:_The_Two_Towers"],["Action-Adventure",2.742867E7,3.8E7,"The_Thing"],["Action-Adventure",2.51123791E8,3.8E7,"True_Grit"],["Action-Adventure",2.771533686E9,0.0,"Avatar"],["Action-Adventure",1.1540607E7,2000000.0,"Boys_Dont_Cry"],["Action-Adventure",2.3057115E7,2.5E7,"Warrior"],["Action-Adventure",5.7497699E7,0.0,"Dragonball_Evolution"],["Action-Adventure",3.44340003E8,2.15E8,"Oz_The_Great_and_Powerful"],["Action-Adventure",1.52266007E8,4.0E7,"A_Time_to_Kill"],["Action-Adventure",1.01802E8,1.9E8,"Pacific_Rim"],["Action-Adventure",3.2858E7,2.2E7,"Homefront"],["Action-Adventure",1.08846072E8,2.5E7,"The_Hours"],["Action-Adventure",1.35458097E8,6.0E7,"Contagion"],["Action-Adventure",7.42128461E8,1.5E8,"The_Matrix_Reloaded"],["Action-Adventure",2.12011111E8,1.5E8,"Master_and_Commander:_The_Far_Side_of_the_World"],["Action-Adventure",8.90871626E8,2.58E8,"Spider-Man_3"],["Action-Adventure",1.37587063E8,0.0,"Bridge_to_Terabithia"],["Action-Adventure",1.78125759E8,1.4E7,"Brokeback_Mountain"],["Action-Adventure",1.85258983E8,1.3E8,"Watchmen"],["Action-Adventure",1.52699946E8,2.5E7,"Chocolat"],["Action-Adventure",1.8012097E7,3.5E7,"The_Country_Bears"],["Action-Adventure",9.56399711E8,0.0,"Harry_Potter_and_the_Deathly_Hallows_Part_1"],["Action-Adventure",1.4772788E7,0.0,"The_6th_Man"],["Action-Adventure",1.20455994E8,4.0E7,"Eight_Below"],["Action-Adventure",9.5696996E7,6.1E7,"Shooter"],["Action-Adventure",6.8673228E7,1.9E7,"Letters_from_Iwo_Jima"],["Action-Adventure",1.5008E7,1.2E7,"Machete_Kills"],["Action-Adventure",2.3159305E7,7.0E7,"The_Iron_Giant"],["Action-Adventure",1.62706E7,0.0,"Supercop"],["Action-Adventure",3.04653E8,9.2E7,"A_good_Day_to_Die_Hard"],["Action-Adventure",6.3150991E7,0.0,"The_Sorcerers_Apprentice"],["Action-Adventure",1.12231E8,1.1E8,"Enders_Game"],["Action-Adventure",1.4594226E7,6.0E7,"Soldier"],["Action-Adventure",4109095.0,3000000.0,"Kama_Sutra:_A_Tale_of_Love"],["Action-Adventure",6.09016E8,1.2E8,"Life_of_Pi"],["Action-Adventure",4.25367E8,1.0E8,"Django_Unchained"],["Action-Adventure",1.4818176E7,0.0,"The_Substitute"],["Action-Adventure",1.017003E9,2.0E8,"The_Hobbit:_An_Unexpected_Journey"],["Action-Adventure",2.11819354E8,7.0E7,"Battle:_Los_Angeles"],["Action-Adventure",2.7665851E7,2.0E7,"Appaloosa"],["Action-Adventure",1.9671E7,1.5E7,"The_Man_With_the_Iron_Fists"],["Action-Adventure",1.15772733E8,1.05E8,"The_Chronicles_of_Riddick"],["Action-Adventure",8.25532764E8,1.6E8,"Inception"],["Action-Adventure",8.21708551E8,1.39E8,"Spider-Man"],["Action-Adventure",4.81840909E8,7.0E7,"Savng_Private_Ryan"],["Action-Adventure",1.74822325E8,1.63E8,"Cowboys_and_Aliens"],["Action-Adventure",1.63794509E8,1.35E8,"Miami_Vice"],["Action-Adventure",6.2450361E7,6.0E7,"Inkheart"],["Action-Adventure",4.03354E8,1.3E8,"Prometheus"],["Action-Adventure",3.68608363E8,1.4E8,"Captain_America:_The_First_Avenger"],["Action-Adventure",2.59936677E8,5.0E7,"Super_8"],["Action-Adventure",2.28847384E8,0.0,"Life_is_Beautiful"],["Action-Adventure",1.119110941E9,9.4E7,"The_Lord_of_the_Rings:_The_Return_of_the_King"],["Action-Adventure",1.00076342E8,3.7E7,"Nims_Island"],["Action-Adventure",2.712204E7,2.5E7,"The_Eagle"],["Action-Adventure",5.2826594E7,5.2E7,"From_Paris_with_Love"],["Action-Adventure",1.2923936E7,5.6E7,"Gods_and_Generals"],["Action-Adventure",2.73144151E8,8.0E7,"Lilo_&_Stitch"],["Comedy-Musical",1.51512881E8,3.0E7,"Larry_Crowne"],["Comedy-Musical",2.6155781E7,4.0E7,"The_Whole_Ten_Yards"],["Comedy-Musical",2.16197492E8,2.0E7,"Bad_Teacher"],["Comedy-Musical",3.470585E7,4000000.0,"The_Kids_Are_Alright"],["Comedy-Musical",1.4899417E7,1.7E7,"Away_We_Go"],["Comedy-Musical",3.045E7,6000000.0,"Don_Jon"],["Comedy-Musical",1.2302219E7,2.5E7,"Abandon"],["Comedy-Musical",3.1556061E7,1.6E7,"Jennifers_Body"],["Comedy-Musical",3.30444045E8,5.5E7,"Meet_the_Parents"],["Comedy-Musical",2.36411E8,2.1E7,"Silver_Linings_Playbook"],["Comedy-Musical",2.0072172E7,2.0E7,"I_Heart_Huckabees"],["Comedy-Musical",2.9715606E7,5.3E7,"Angel_Eyes"],["Comedy-Musical",4.3884904E7,9.0E7,"Semi-Pro"],["Comedy-Musical",3.0039392E7,0.0,"Shaun_of_the_Dead"],["Comedy-Musical",1.8750246E7,6000000.0,"A_Mighty_Wind"],["Comedy-Musical",8.69349688E8,9.3E7,"The_Lord_of_the_Rings:_The_Fellowship_of_the_Ring"],["Comedy-Musical",1.8007E7,1.3E7,"Admission"],["Comedy-Musical",9.8126565E7,5.2E7,"The_Thin_Red_Line"],["Comedy-Musical",4.5735397E7,4.0E7,"Arthur"],["Comedy-Musical",3.8793283E7,2.6E7,"Clockstoppers"],["Comedy-Musical",2.05298907E8,3.8E7,"The_Ugly_Truth"],["Comedy-Musical",3.378518E7,4.0E7,"Morning_Glory"],["Comedy-Musical",1.09706931E8,1.6E7,"Sideways"],["Comedy-Musical",2.31976425E8,2.7E7,"The_English_Patient"],["Comedy-Musical",4.2779261E7,0.0,"Gullivers_Travels"],["Comedy-Musical",6.4957291E7,3.3E7,"The_Benchwarmers"],["Comedy-Musical",5009305.0,0.0,"Heavens_Prisoners"],["Comedy-Musical",2.88383523E8,3.25E7,"Bridesmaids"],["Comedy-Musical",1.28884132E8,6.5E7,"Space_Cowboys"],["Comedy-Musical",2.03388341E8,6.8E7,"Vanilla_Sky"],["Comedy-Musical",9.607E7,1.2E7,"Think_Like_a_Man"],["Comedy-Musical",9.0508336E7,0.0,"Tyler_Perrys_Madea_Goes_to_Jail"],["Comedy-Musical",8478434.0,0.0,"Bread_and_Tulips"],["Comedy-Musical",1.19723856E8,4000000.0,"Lost_in_Translation"],["Comedy-Musical",1.71963386E8,4.2E7,"Along_Came_Polly"],["Comedy-Musical",1.1263966E7,7.0E7,"Chill_Factor"],["Comedy-Musical",6.8824526E7,1.8E7,"John_Tucker_Must_Die"],["Comedy-Musical",1.8755936E7,1.9E7,"Sex_Drive"],["Comedy-Musical",1.19754287E8,1.6E7,"Road_Trip"],["Comedy-Musical",3.1430334E7,0.0,"A_Serious_Man"],["Comedy-Musical",2.8084357E7,0.0,"Grosse_Pointe_Blank"],["Comedy-Musical",6.0183821E7,3.5E7,"Something_Borrowed"],["Comedy-Musical",3.1158E7,2.5E7,"Joyful_Noise"],["Comedy-Musical",3.0551495E7,2.4E7,"I_Dont_Know_How_She_Does_It"],["Comedy-Musical",2.6004E7,2.0E7,"The_Worlds_End"],["Comedy-Musical",2.07515725E8,0.0,"Traffic"],["Comedy-Musical",1.7589705E7,3.5E7,"Eye_of_the_Beholder"],["Comedy-Musical",1.0172519E7,0.0,"Next_Day_Air"],["Comedy-Musical",1.1829959E7,2.4E7,"Alaska"],["Comedy-Musical",3.63398565E8,1.2E8,"A_Bugs_Life"],["Comedy-Musical",3.14178011E8,5.0E7,"As_Good_as_It_Gets"],["Comedy-Musical",1.2991996E7,0.0,"Le_Divorce"],["Comedy-Musical",1.63720069E8,3.7E7,"Burn_After_Ridiculous"],["Comedy-Musical",1.0848783E7,8000000.0,"Extract"],["Comedy-Musical",6852450.0,6000000.0,"200_Cigarettes"],["Comedy-Musical",5.0912434E7,0.0,"Just_Friends"],["Comedy-Musical",3.09492681E8,0.0,"Ransom"],["Comedy-Musical",1.90213455E8,9.5E7,"Hollow_Man"],["Comedy-Musical",7.8382433E7,8.5E7,"Collateral_Damage"],["Comedy-Musical",1.67930762E8,5.0E7,"Anchorman_2:_The_Legend_Continues"],["Comedy-Musical",1.60846332E8,2.0E7,"Freaky_Friday"],["Comedy-Musical",1.4778044E8,2.5E7,"No_Strings_Attached"],["Comedy-Musical",5985690.0,1.3E7,"Light_it_Up"],["Comedy-Musical",5.9418E7,7.5E7,"Rock_of_Ages"],["Comedy-Musical",2.85176741E8,4.0E7,"Wedding_Crashers"],["Comedy-Musical",2.61930436E8,1.17E8,"Knight_&_Day"],["Comedy-Musical",3.2406507E7,1.85E7,"The_Invention_of_Lying"],["Comedy-Musical",7.6583333E7,6000000.0,"Bend_It_Like_Beckham"],["Comedy-Musical",3.618324E8,1.35E8,"The_World_Is_Not_Enough"],["Comedy-Musical",1.29042871E8,1.7E7,"Mean_Girls"],["Comedy-Musical",8359717.0,1.0E7,"Twin_Dragons"],["Comedy-Musical",5.25366597E8,1.15E8,"Monsters,_Inc."],["Comedy-Musical",3.6810042E8,7.0E7,"Hitch"],["Comedy-Musical",4.9830607E7,1.9E7,"The_Switch"],["Comedy-Musical",6.3856929E7,3.5E7,"In_&_Out"],["Comedy-Musical",1.830161E7,0.0,"That_Darn_Cat"],["Comedy-Musical",1.36267476E8,0.0,"17_Again"],["Comedy-Musical",6.23579E7,6.0E7,"Year_One"],["Comedy-Musical",1.0890222E7,6.3E7,"Lucky_Numbers"],["Comedy-Musical",1.0873148E7,1.5E7,"Here_on_Earth"],["Comedy-Musical",1.1416E7,1.4E7,"Fun_Size"],["Comedy-Musical",1.0596276E8,4.0E7,"Made_of_Honor"],["Comedy-Musical",7.1406573E7,2.0E7,"Holes"],["Comedy-Musical",5.5494066E7,0.0,"Great_Expectations"],["Comedy-Musical",3.4562556E7,8.5E7,"Jack_Frost"],["Comedy-Musical",5.7719E7,7.0E7,"Thats_My_Boy"],["Comedy-Musical",1.0224116E7,0.0,"Air_Bud:_Golden_Reciever"],["Comedy-Musical",1.6443609E7,2.1E7,"Everybodys_Fine"],["Comedy-Musical",2.3396049E7,7000000.0,"Kingdom_Come"],["Comedy-Musical",4.84592874E8,8.1E7,"Bruce_Almighty"],["Comedy-Musical",9206000.0,6000000.0,"Bernie"],["Comedy-Musical",2.127488188E9,2.0E8,"Titanic"],["Comedy-Musical",3.0411183E7,0.0,"The_Girl_Next_Door"],["Comedy-Musical",2.239145E7,1.3E7,"Two_Can_Play_That_Game"],["Comedy-Musical",6.8895435E7,2.5E7,"Taxi"],["Comedy-Musical",1.93468525E8,8.0E7,"Grown_Ups_2"],["Comedy-Musical",4.41809E8,6.1E7,"Les_Miserables"],["Comedy-Musical",1.00523181E8,8000000.0,"Little_Miss_Sunshine"],["Comedy-Musical",8.0547866E7,2.0E7,"Vampires_Suck"],["Comedy-Musical",2.6013153E7,0.0,"BRATZ"],["Comedy-Musical",1.51119219E8,1.7E7,"Midnight_in_Paris"],["Comedy-Musical",1.44146816E8,5.0E7,"Herbie:_Fully_Loaded"],["Comedy-Musical",7.1237351E7,3.5E7,"Superhero_Movie"],["Comedy-Musical",1.26812E8,2.8E7,"Last_Vegas"],["Comedy-Musical",6.5392362E7,5000000.0,"The_Way,_Way_Back"],["Comedy-Musical",2.043336547E9,0.0,"Baggage_Claim"],["Comedy-Musical",1.0147E8,3.2E7,"This_is_the_End"],["Comedy-Musical",2.1409028E7,0.0,"Our_Family_Wedding"],["Comedy-Musical",6.9721966E7,7.0E7,"The_Dilemma"],["Comedy-Musical",2.5105255E7,3.5E7,"Midnight_in_the_Garden_of_Good_and_Evil"],["Comedy-Musical",1.4822346E7,1.6E7,"Soul_Plane"],["Comedy-Musical",4.0863718E7,1.5E7,"Where_the_Heart_Is"],["Comedy-Musical",1.9900366E7,2.2E7,"Get_Over_It"],["Comedy-Musical",6.24025E8,2.25E8,"MIB_3"],["Comedy-Musical",2.71430189E8,8.0E7,"Grown_Ups"],["Comedy-Musical",8.4383E7,4.0E7,"What_to_Expect_When_Youre_Expecting"],["Documentary",1.7436509E7,2.0E7,"Capitalism:_A_Love_Story"],["Drama",4.9233161E7,7000000.0,"Capote"],["Drama",1.7025E7,0.0,"Fruitvale_Station"],["Drama",1.8078175E7,4000000.0,"The_Visitor"],["Drama",1.77243185E8,2.0E7,"The_Descendants"],["Drama",2.1170563E7,2.0E7,"ATL"],["Drama",3.59126022E8,4.0E7,"Karate_Kid"],["Drama",1.20072577E8,3.5E7,"The_Pianist"],["Drama",1.48336445E8,8.7E7,"Seabiscuit"],["Drama",2.11608112E8,2.5E7,"The_Help"],["Drama",3.4563E7,1.45E7,"Salmon_Fishing_in_the_Yemen"],["Drama",1.9440089E7,0.0,"Dougs_First_Movie"],["Drama",4.5071715E8,8.5E7,"Oceans_Eleven"],["Drama",7.7211836E7,1.8E7,"Fame"],["Drama",4.57640427E8,1.03E8,"Gladiator"],["Drama",1.99043242E8,6.0E7,"Two_Weeks_Notice"],["Drama",2.19417255E8,6.0E7,"The_Terminal"],["Drama",1.9412993E7,6.36E7,"Get_Carter"],["Drama",1.3411957E7,2.5E7,"Lords_of_Dogtown"],["Drama",3.212036E7,0.0,"Amazing_Grace"],["Drama",3.09208309E8,2.9E7,"The_Blind_Side"],["Drama",4.4371751E7,2.0E7,"Notorious"],["Drama",1.5682202E8,2.5E7,"Mystic_River"],["Drama",2.16763646E8,3.0E7,"Million_Dollar_Baby"],["Drama",2.9027914E7,1.35E7,"Far_From_Heaven"],["Drama",7.6181545E7,2.5E7,"There_Will_Be_Blood"],["Drama",5770254.0,0.0,"Kolya"],["Drama",1.08901967E8,3.2E7,"The_Reader"],["Drama",2.03631739E8,4.0E7,"American_Hustle"],["Drama",4.8352E7,2.0E7,"12_Years_a_Slave"],["Drama",6.3647833E7,1.0E7,"Precious"],["Drama",2.89847354E8,9.0E7,"The_Departed"],["Drama",5.1733921E7,0.0,"Tyler_Perrys_I_Can_Do_Bad_All_By_Myself"],["Drama",8.2150642E7,3.0E7,"Elizabeth"],["Drama",2.7685016E7,2.5E7,"Dirty_Dancing:_Havana_Nights"],["Drama",6.0738797E7,1.8E7,"127_Hours"],["Drama",3.5578E7,1.4E7,"Tyler_Perrys_Good_Deeds"],["Drama",1.6316273E7,3.0E7,"A_Simple_Plan"],["Drama",2.7426335E7,2.5E7,"Frost-Nixon"],["Drama",4.10867243E8,1.5E7,"The_Kings_Speech"],["Drama",1.66914739E8,2.5E7,"Up_in_the_Air"],["Drama",2.8257E7,3.2E7,"The_Master"],["Drama",1.8404706E7,2.0E7,"Loser"],["Drama",5.53709788E8,1.4E8,"Armageddon"],["Drama",1.5778152E7,4000000.0,"The_Gospel"],["Drama",3.06776732E8,4.5E7,"Chicago"],["Drama",2.6096852E7,7500000.0,"An_Education"],["Drama",3.1480418E7,0.0,"Beverly_Hills_Ninja"],["Drama",5.8480828E7,4.0E7,"Invincible"],["Drama",2.24920315E8,4.0E7,"The_Social_Network"],["Drama",1.2434E7,1.6E7,"People_Like_Us"],["Drama",1.2951088E7,0.0,"Black_Dog"],["Drama",3.33932083E8,1.5E8,"The_Curious_Case_of_Benjamin_Button"],["Drama",1.47845033E8,5.7E7,"The_Mexican"],["Drama",3.7311672E7,1.65E7,"Becoming_Jane"],["Drama",1.5895E7,1.2E7,"Nebraska"],["Drama",2.57938649E8,3500000.0,"The_Full_Monty"],["Drama",1.10206216E8,5.0E7,"Moneyball"],["Drama",1.79213434E8,5.0E7,"Moulin_Rouge!"],["Drama",2.25933435E8,0.0,"Good_Will_Hunting"],["Drama",9.8410061E7,6500000.0,"Crash"],["Drama",1.29190869E8,2.5E7,"The_Fighter"],["Drama",2.13741459E8,1.1E8,"The_Aviator"],["Drama",4.8963E7,6.0E7,"Trouble_with_the_Curve"],["Drama",6112613.0,0.0,"Kull_the_Conqueror"],["Drama",9.9912E7,3.5E7,"Saving_Mr._Banks"],["Drama",6.0251371E7,3.5E7,"Secretariat"],["Drama",3.77910544E8,1.5E7,"Slumdog_Millionaire"],["Drama",2.13525736E8,1.7E7,"Crouching_Tiger,_Hidden_Dragon"],["Drama",3.56296601E8,1.5E7,"American_Beauty"],["Drama",2.17570042E8,5.5E7,"Captain_Phillips"],["Drama",2.3569677E7,0.0,"Hitchcock"],["Drama",1.3831503E7,2000000.0,"Winters_Bone"],["Drama",5.6032889E7,1.6E7,"Remember_Me"],["Drama",1.3417292E7,4500000.0,"Secrets_&_Lies"],["Drama",3.0396E7,0.0,"Philomena"],["Drama",1.11032E8,1.0E8,"The_Wolf_of_Wall_Street"],["Drama",2.73552592E8,5.0E7,"Jerry_Maguire"],["Drama",3.0236407E7,1.5E7,"The_Great_Debaters"],["Drama",3.441124E7,1.0E7,"SwimFan"],["Drama",4.8190704E7,4.4E7,"Charlie_St._Cloud"],["Drama",1.29266061E8,0.0,"Atonement"],["Drama",1.7626234E7,8.0E7,"The_Postman"],["Drama",2.3875127E7,2.0E7,"American_History_X"],["Drama",5.4586584E7,2.0E7,"Milk"],["Drama",2.75292E8,6.5E7,"Lincoln"],["Drama",3.13542341E8,5.8E7,"A_Beautiful_Mind"],["Drama",6255000.0,8500000.0,"All_is_Lost"],["Drama",2.3249E7,0.0,"Her"],["Drama",6.1698899E7,1.6E8,"The_13th_Warrior"],["Drama",3.5485E7,1.5E7,"The_Place_Beyond_the_Pines"],["Drama",2.04594016E8,6.0E7,"Eat_Pray_Love"],["Drama",2.56271286E8,5.2E7,"Erin_Brokovich"],["Drama",2.31411584E8,7500000.0,"Juno"],["Drama",1.16766556E8,2.5E7,"Finding_Neverland"],["Drama",8.7754044E7,1.98E7,"Gosford_Park"],["Drama",4.4703995E7,6000000.0,"The_Wrestler"],["Drama",8.8545092E7,2.4E7,"The_Cider_House_Rules"],["Drama",3.9187783E7,8000000.0,"50-50"],["Drama",1.24731534E8,4.0E7,"Ray"],["Drama",1.72363301E8,2.4E7,"Scream_2"],["Drama",1.71627166E8,0.0,"No_Country_for_Old_Men"],["Drama",2.9506464E7,2.51E7,"W."],["Drama",8.9041656E7,2.0E7,"The_Last_Song"],["Drama",1.9899055E7,800000.0,"A_Separation"],["Drama",3.9947322E7,1.1E7,"The_Secret_Life_of_Bees"],["Drama",3.0356E7,5000000.0,"Dallas_Buyers_Club"],["Drama",5.4641191E7,7000000.0,"Good_Night,_and_Good_Luck"],["Drama",8.6468162E7,7.5E7,"Tears_of_the_Sun"],["Drama",4.0416563E7,1.25E7,"The_Boy_in_the_Striped_Pajamas"],["Drama",3.29398046E8,1.3E7,"Black_Swan"],["Drama",1.2355734E7,1000000.0,"Blue_Valentine"],["Drama",9.2108518E7,0.0,"The_Parent_Trap"],["Drama",6.98491347E8,6.8E7,"The_Twilight_Saga:_Eclipse"],["Drama",1.2795E7,1800000.0,"Beasts_of_the_Southern_Wild"],["Drama",1.23384128E8,1.5E7,"The_Queen"],["Drama",2.0529194E7,1.5E7,"Country_Strong"],["Drama",1.3323144E7,3.6E7,"Ghosts_of_Mississippi"],["Drama",3.1466789E7,1.5564E7,"Girl_With_a_Pearl_Earring"],["Drama",2.94804195E8,8.0E7,"Shutter_Island"],["Drama",1.33432856E8,1.5E7,"The_Artist"],["Drama",1.35330182E8,2.5E7,"Babel"],["Drama",5.8900031E7,5.0E7,"The_Story_of_Us"],["Drama",2.0996E7,1.9E7,"The_Book_Thief"],["Drama",1.5639E7,1.31E7,"Amour"],["Drama",4.7847881E7,4.0E7,"Extremely_Loud_and_Incredibly_Close"],["Drama",5.4303319E7,3.2E7,"The_Tree_of_Life"],["Drama",1.93772504E8,9.7E7,"Gangs_of_New_York"],["Drama",5711695.0,0.0,"Screamers"],["Drama",6033999.0,0.0,"Foolish"],["Drama",2.89317794E8,2.5E7,"Shakespeare_in_Love"],["Drama",6.0611975E7,7000000.0,"Fargo"],["Family-Animation",1.063171911E9,2.0E8,"Toy_Story_3"],["Family-Animation",3.67275019E8,7.5E7,"Shark_Tale"],["Family-Animation",5.067185E7,2.5E7,"Bride_of_Chucky"],["Family-Animation",1.6797191E7,5.5E7,"Bringing_Out_the_Dead"],["Family-Animation",1.4842388E7,0.0,"Eves_Bayou"],["Family-Animation",1.6318449E7,1.25E7,"The_Emperors_Club"],["Family-Animation",1.3096314E7,0.0,"How_To_Eat_Fried_Worms"],["Family-Animation",3.9886986E7,6.5E7,"Astro_Boy"],["Family-Animation",3.3152846E7,3.0E7,"Winnie_the_Pooh"],["Family-Animation",1.2379402E7,4.7E7,"Mary_Reilly"],["Family-Animation",4.6471023E7,4.0E7,"Fantastic_Mr._Fox"],["Family-Animation",2.5143818E7,0.0,"Fly_Away_Home"],["Family-Animation",1.79265204E8,7.8E7,"The_League_of_Extraordinary_Gentlemen"],["Family-Animation",1.8577016E8,1.7E8,"Hugo"],["Family-Animation",5.38983E8,1.85E8,"Brave"],["Family-Animation",8.1491E7,3.9E7,"Frankenweenie"],["Family-Animation",7.31342744E8,1.75E8,"Up"],["Family-Animation",5.90721936E8,2.6E8,"Tangled"],["Family-Animation",6.9834815E7,5.0E7,"Curious_George"],["Family-Animation",6.72806292E8,4.0E7,"The_Sixth_Sense"],["Family-Animation",1.3678913E7,3.5E7,"American_Outlaws"],["Family-Animation",4.71222E8,1.65E8,"Wreck-It_Ralph"],["Family-Animation",1.477676E7,8000000.0,"The_Triplets_of_Belleville"],["Family-Animation",1.47554998E8,1.45E7,"Romeo_+_Juliet"],["Family-Animation",1.61626121E8,9.0E7,"Payback"],["Family-Animation",2.85444603E8,1.4E8,"Lethal_Weapon_4"],["Family-Animation",8341087.0,0.0,"Return_to_Paradise"],["Family-Animation",5.63749323E8,1.1E8,"The_Smurfs"],["Family-Animation",1.6930762E7,1.2E7,"Catch_that_Kid"],["Family-Animation",3.14432837E8,1.5E8,"Chicken_Little"],["Family-Animation",8.6947965E7,6.0E7,"The_Tale_of_Despereaux"],["Family-Animation",1.4793418E8,3.5E7,"Spy_Kids"],["Family-Animation",3.2287044E7,7.0E7,"Harts_War"],["Family-Animation",1.5893028E8,6.0E7,"The_Jackal"],["Thriller-Horror",5.7293715E7,1.8E7,"The_Mist"],["Thriller-Horror",3.1070211E7,3.0E7,"Ultraviolet"],["Thriller-Horror",1.30358911E8,7.0E7,"Munich"],["Thriller-Horror",1.2844057E7,0.0,"The_Associate"],["Thriller-Horror",1.3282E8,4.0E7,"Zero_Dark_Thirty"],["Thriller-Horror",2.9934477E7,2.5E7,"Small_Time_Crooks"],["Thriller-Horror",4.082854E7,0.0,"Gamer"],["Thriller-Horror",6.3118386E7,1.2E7,"Beavis_and_Butt-head_Do_America"],["Thriller-Horror",4.0136479E7,2.5E7,"Shark_Night_3D"],["Thriller-Horror",9.6262E7,2.5E7,"Contraband"],["Thriller-Horror",1.2621694E8,0.0,"L.A._Confidential"],["Thriller-Horror",2.2852638E7,1.4E7,"A_Perfect_Getaway"],["Thriller-Horror",2.96221663E8,6.0E7,"Resident_Evil:_Afterlife"],["Thriller-Horror",3.589233E7,0.0,"Shine"],["Thriller-Horror",1.61451538E8,0.0,"The_Ring_Two"],["Thriller-Horror",5.5028659E7,1.6E7,"The_Messengers"],["Thriller-Horror",2.52712101E8,8.5E7,"Hercules"],["Thriller-Horror",1.57887643E8,4.0E7,"Final_Destination_5"],["Thriller-Horror",1.4010832E7,2.8E7,"John_Carpenters_Ghosts_of_Mars"],["Thriller-Horror",5.0104745E7,0.0,"The_Closet"],["Thriller-Horror",5.0054511E7,5.0E7,"The_Replacements"],["Thriller-Horror",3.7466538E7,1.5E7,"The_Hills_Have_Eyes_2"],["Thriller-Horror",2.2217407E7,2.0E7,"Dead_Silence"],["Thriller-Horror",4.8858618E7,3.8E7,"Push"],["Thriller-Horror",1.28905366E8,6.5E7,"Blade:_Trinity"],["Thriller-Horror",4.1624046E7,0.0,"The_Uninvited"],["Thriller-Horror",5.4667954E7,500000.0,"Open_Water"],["Thriller-Horror",8.1124129E7,8.0E7,"Edge_of_Darkness"],["Thriller-Horror",1.6856124E7,8000000.0,"The_Good_Girl"],["Thriller-Horror",6.7126795E7,0.0,"The_Girl_Who_Played_with_Fire"],["Thriller-Horror",6.6485E7,3.0E7,"Cabin_in_the_Woods"],["Thriller-Horror",1.8099E7,0.0,"Gone"],["Thriller-Horror",1.01191884E8,0.0,"The_Recruit"],["Thriller-Horror",9.1379051E7,1.9E7,"Friday_the_13th"],["Thriller-Horror",2.9657E7,2.6E7,"The_Raven"],["Thriller-Horror",1.5291277E7,0.0,"Primeval"],["Thriller-Horror",4.5286228E7,0.0,"The_Last_House_on_the_Left"],["Thriller-Horror",6.7918658E7,2.6E7,"Legion"],["Thriller-Horror",1.5585495E7,1000000.0,"Cry_Wolf"],["Thriller-Horror",6.0289912E7,9.0E7,"The_Insider"],["Thriller-Horror",1.6974459E7,0.0,"Death_Sentence"],["Thriller-Horror",4.81219E7,2.0E7,"Mr._Brooks"],["Thriller-Horror",6.4626786E7,3.0E7,"The_Darkest_Hour"],["Thriller-Horror",3.8755073E7,4.0E7,"The_Wicker_Man"],["Thriller-Horror",9255027.0,0.0,"Celtic_Pride"],["Thriller-Horror",1.28884494E8,0.0,"Aliens_Vs._Predator_-_Requiem"],["Thriller-Horror",4.9483352E7,0.0,"Dark_Water"],["Thriller-Horror",1.50166126E8,1.0E8,"The_Taking_of_Pelham_1_2_3"],["Thriller-Horror",3.0526509E7,3.5E7,"Two_for_the_Money"],["Thriller-Horror",2.8189979E7,2.6E7,"Case_39"],["Thriller-Horror",6.5664721E7,5.5E7,"16_Blocks"],["Thriller-Horror",2.9612137E7,1.4E7,"An_American_Haunting"],["Thriller-Horror",7.7527732E7,0.0,"The_Haunting_in_Connecticut"],["Thriller-Horror",5.0159144E7,3.6E7,"Breakdown"],["Thriller-Horror",6.0161391E7,5.0E7,"The_International"],["Thriller-Horror",2.32325E8,4.45E7,"Argo"],["Thriller-Horror",5.1764406E7,1.6E7,"The_Texas_Chainsaw_Massacre:_The_Beginning"],["Thriller-Horror",1.08047131E8,1.9E7,"The_Amityville_Horror"],["Thriller-Horror",1.16065592E8,1.0E7,"The_Grudge_2"],["Thriller-Horror",6.99167E8,1.0E8,"Gravity"],["Thriller-Horror",2.86801374E8,6.0E7,"The_Green_Mile"],["Thriller-Horror",1.6633989E8,8.4E7,"The_Nutty_Professor_II:_The_Klumps"],["Thriller-Horror",1.9145198E7,0.0,"Mother"],["Thriller-Horror",9.2991835E7,0.0,"Michael_Clayton"],["Thriller-Horror",7.7741732E7,8.5E7,"Showtime"],["Thriller-Horror",4.4653637E7,2.0E7,"Lakeview_Terrace"],["Thriller-Horror",2.7762648E7,0.0,"Wolf_Creek"],["Thriller-Horror",9.1353501E7,3.5E7,"Underworld:_Rise_of_the_Lycans"],["Thriller-Horror",6.7448651E7,3.0E7,"The_Next_Three_Days"]],"headers":["Genre","TotalRevenue","MovieBudget","Title"],"rawHeaders":["GENRE","TOTALREVENUE","MOVIEBUDGET","TITLE"]},"format":{"type":"TABLE"},"headerInfo":[{"alias":"Genre","header":"Genre","type":"STRING","derived":false},{"alias":"TotalRevenue","header":"TotalRevenue","type":"NUMBER","derived":false},{"alias":"MovieBudget","header":"MovieBudget","type":"NUMBER","derived":false},{"alias":"Title","header":"Title","type":"STRING","derived":false}],"sortInfo":[],"numCollected":500,"taskOptions":{"0":{"layout":"Scatter","alignment":{"series":["Genre"],"x":["TotalRevenue"],"y":["MovieBudget"],"label":["Title"]}}},"filterInfo":[],"taskId":"task1"},"operationType":["TASK_DATA"]}]}