{"insightID":"56543f47-c537-482f-90ed-446c6739f807","pixelReturn":[{"pixelExpression":"if ( ( HasDuplicates ( Studio , Genre ) ) , ( Select ( Studio , Genre , Average ( MovieBudget ) ) .as ( [ Studio , Genre , AverageofMovieBudget ] ) | Group ( Studio , Genre ) | With ( Panel ( 0 ) ) | Format ( type = [ 'table' ] ) | TaskOptions ( { \"0\" : { \"layout\" : \"HeatMap\" , \"alignment\" : { \"x\" : [ \"Studio\" ] , \"y\" : [ \"Genre\" ] , \"heat\" : [ \"AverageofMovieBudget\" ] , \"facet\" : [ ] , \"tooltip\" : [ ] } } } ) | Collect ( 500 ) ) , ( Select ( Studio , Genre , MovieBudget ) .as ( [ Studio , Genre , MovieBudget ] ) | With ( Panel ( 0 ) ) | Format ( type = [ 'table' ] ) | TaskOptions ( { \"0\" : { \"layout\" : \"HeatMap\" , \"alignment\" : { \"x\" : [ \"Studio\" ] , \"y\" : [ \"Genre\" ] , \"heat\" : [ \"MovieBudget\" ] , \"facet\" : [ ] , \"tooltip\" : [ ] } } } ) | Collect ( 500 ) ) ) ;","isMeta":false,"output":{"data":{"values":[["Artisan","Drama",0.0],["Artisan","Action-Adventure",2.0E7],["Buena_Vista","Family-Animation",1.382222222222222E8],["Buena_Vista","Action-Adventure",5.545454545454545E7],["Buena_Vista","Comedy-Musical",4.0625E7],["Buena_Vista","Drama",4.872727272727273E7],["Buena_Vista","Thriller-Horror",2.5E7],["CBS","Action-Adventure",1.6E7],["CBS","Comedy-Musical",2.8E7],["CBS","Drama",1.45E7],["Destination","Comedy-Musical",3.5E7],["Dimension_Films","Drama",2.4E7],["Dreamworks","Thriller-Horror",1.25E7],["Dreamworks","Drama",5.875E7],["Dreamworks","Comedy-Musical",1.6E7],["Dreamworks","Family-Animation",7.5E7],["Dreamworks","Action-Adventure",7.0E7],["Fine_Line","Thriller-Horror",0.0],["First","Comedy-Musical",0.0],["Focus","Comedy-Musical",1.5166666666666666E7],["Focus","Drama",1.37E7],["Focus","Action-Adventure",1.95E7],["Focus_Features","Comedy-Musical",4000000.0],["Focus_Features","Drama",2.0E7],["Fox","Family-Animation",3.6125E7],["Fox","Drama",1.8458333333333332E7],["Fox","Thriller-Horror",5750000.0],["Fox","Comedy-Musical",1.831578947368421E7],["Fox","Action-Adventure",6.288888888888889E7],["Fox_Searchlight","Comedy-Musical",2500000.0],["Fox_Searchlight","Drama",6325000.0],["Freestyle","Thriller-Horror",1.4E7],["Gramercy","Drama",1.85E7],["IDP","Drama",0.0],["Lionsgate","Drama",1.3737714285714285E7],["Lionsgate","Thriller-Horror",1.0083333333333334E7],["Lionsgate","Comedy-Musical",1.3333333333333334E7],["Lionsgate","Action-Adventure",7.925E7],["MGM","Family-Animation",7.0E7],["MGM","Comedy-Musical",7.55E7],["MGM","Thriller-Horror",1.95E7],["MGM","Drama",1.8E7],["MGM","Action-Adventure",5.0E7],["MGM-UA","Comedy-Musical",3.5E7],["MGM-UA","Thriller-Horror",1.8E7],["MGM-UA","Drama",1.5E7],["Millenium_Entertainment","Comedy-Musical",6000000.0],["Miramax","Family-Animation",3.5E7],["Miramax","Action-Adventure",1.2616666666666666E7],["Miramax","Drama",3.0833333333333332E7],["Miramax","Comedy-Musical",1.5285714285714285E7],["Miramax","Thriller-Horror",0.0],["Music_Box_Films","Thriller-Horror",0.0],["New_Line","Comedy-Musical",4.46E7],["New_Line","Thriller-Horror",4.05E7],["New_Line","Family-Animation",0.0],["New_Line","Action-Adventure",9.266666666666667E7],["New_Line","Drama",2.0E7],["October","Drama",4500000.0],["Open_Road_Films","Action-Adventure",1.7E7],["Orion_Pictures","Action-Adventure",0.0],["Overture_Films","Drama",4000000.0],["Overture_Films","Documentary",2.0E7],["Paramount","Comedy-Musical",4.7416666666666664E7],["Paramount","Drama",5.244444444444445E7],["Paramount","Action-Adventure",9.3E7],["Paramount","Thriller-Horror",1.48E7],["Paramount","Family-Animation",1.05E8],["Polygram","Family-Animation",0.0],["Relativity","Comedy-Musical",6000000.0],["Relativity","Thriller-Horror",2.55E7],["Roadside_Attractions","Drama",5250000.0],["Rogue_Pictures","Thriller-Horror",1000000.0],["Rogue_Pictures","Comedy-Musical",0.0],["Sony","Comedy-Musical",5.6411764705882356E7],["Sony","Action-Adventure",9.65E7],["Sony","Thriller-Horror",3.772727272727273E7],["Sony","Drama",2.777E7],["Sony","Family-Animation",4.125E7],["Summit","Family-Animation",6.5E7],["Summit","Action-Adventure",1.5E7],["Summit","Thriller-Horror",3.8E7],["Summit","Comedy-Musical",9500000.0],["Summit","Drama",4.2E7],["Summit_Entertainment","Thriller-Horror",3.0E7],["Summit_Entertainment","Drama",8000000.0],["Trimark","Family-Animation",0.0],["Trimark","Action-Adventure",3000000.0],["USA","Drama",1.98E7],["USA","Comedy-Musical",0.0],["Universal","Thriller-Horror",3.5428571428571425E7],["Universal","Action-Adventure",9.41111111111111E7],["Universal","Family-Animation",4.15E7],["Universal","Comedy-Musical",5.3071428571428575E7],["Universal","Drama",3.955555555555555E7],["WB","Family-Animation",8.75E7],["WB","Drama",4.855E7],["WB","Thriller-Horror",4.7791666666666664E7],["WB","Comedy-Musical",4.5178571428571425E7],["WB","Action-Adventure",8.705555555555555E7],["Warner_Independent","Drama",7000000.0],["Weinstein_Company","Thriller-Horror",0.0],["Weinstein_Company","Drama",1.357142857142857E7],["Weinstein_Company","Comedy-Musical",2.25E7],["Weinstein_Company","Action-Adventure",8.5E7]],"headers":["Studio","Genre","AverageofMovieBudget"],"rawHeaders":["STUDIO","GENRE","AverageofMovieBudget"]},"format":{"type":"TABLE"},"headerInfo":[{"alias":"Studio","header":"Studio","type":"STRING","derived":false},{"alias":"Genre","header":"Genre","type":"STRING","derived":false},{"alias":"AverageofMovieBudget","header":"AverageofMovieBudget","calculatedBy":"MovieBudget","math":"Average","groupBy":["Studio","Genre"],"type":"NUMBER","derived":true}],"sortInfo":[],"numCollected":500,"taskOptions":{"0":{"layout":"HeatMap","alignment":{"heat":["AverageofMovieBudget"],"x":["Studio"],"tooltip":[],"y":["Genre"],"facet":[]}}},"filterInfo":[],"taskId":"task1"},"operationType":["TASK_DATA"]}]}