{"engineId":"4a4398f0-2b5e-49b6-869b-ff9a61f20ab4","engineName":"MovieDatabase","rdbmsId":"18827c56-b066-48cf-89cf-f2cd1369fd00","varstore":{},"frames":[{"file":"@BaseFolder@\\db\\@ENGINE@\\version\\18827c56-b066-48cf-89cf-f2cd1369fd00\\FRAME177762.gz","meta":"@BaseFolder@\\db\\@ENGINE@\\version\\18827c56-b066-48cf-89cf-f2cd1369fd00\\METADATA__FRAME177762.owl","state":null,"type":"prerna.ds.h2.H2Frame","name":"FRAME177762","keys":["$CUR_FRAME_KEY","FRAME177762"]}],"panels":[{"panelId":"0","panelLabel":null,"view":"visualization","viewOptions":"{\"type\":\"echarts\"}","viewOptionsMap":"{\"federate-view\":{\"app_id\":\"4a4398f0-2b5e-49b6-869b-ff9a61f20ab4\"},\"visualization\":{\"type\":\"echarts\"}}","ornaments":"{\"showMenu\":true}","events":"{\"onSingleClick\":{\"Unfilter\":[{\"disabledVisuals\":[\"Grid\",\"Sunburst\"],\"default\":true,\"query\":\"UnfilterFrame(<SelectedColumn>);\",\"options\":{},\"refresh\":false,\"disabled\":false,\"panel\":\"\"}]},\"onBrush\":{\"Filter\":[{\"default\":true,\"query\":\"if(IsEmpty(<SelectedValues>), UnfilterFrame(<SelectedColumn>), SetFrameFilter(<SelectedColumn>==<SelectedValues>));\",\"options\":{},\"refresh\":false,\"disabled\":false,\"panel\":\"\"}]}}","comments":"{}","position":"{}","filters":[],"order":[],"cbv":{}}],"tasks":{"tasks":[{"type":"basic","task":{"taskType":"basic","id":"task1","numCollected":500,"internalOffset":0,"taskOptions":"{\"options\":{\"0\":{\"layout\":\"Grid\",\"alignment\":{\"label\":[\"Director\",\"Genre\",\"MovieBudget\",\"Nominated\",\"Revenue_Domestic\",\"Revenue_International\",\"RottenTomatoes_Audience\",\"RottenTomatoes_Critics\",\"Studio\",\"Title\"]}}}}","qs":{"qsType":"FRAME","isDistinct":true,"overrideImplicit":false,"limit":0,"offset":0,"relations":"[]","selectors":["COLUMN",{"table":"FRAME177762","column":"Director","alias":"Director","tableAlias":null},"COLUMN",{"table":"FRAME177762","column":"Genre","alias":"Genre","tableAlias":null},"COLUMN",{"table":"FRAME177762","column":"MovieBudget","alias":"MovieBudget","tableAlias":null},"COLUMN",{"table":"FRAME177762","column":"Nominated","alias":"Nominated","tableAlias":null},"COLUMN",{"table":"FRAME177762","column":"Revenue_Domestic","alias":"Revenue_Domestic","tableAlias":null},"COLUMN",{"table":"FRAME177762","column":"Revenue_International","alias":"Revenue_International","tableAlias":null},"COLUMN",{"table":"FRAME177762","column":"RottenTomatoes_Audience","alias":"RottenTomatoes_Audience","tableAlias":null},"COLUMN",{"table":"FRAME177762","column":"RottenTomatoes_Critics","alias":"RottenTomatoes_Critics","tableAlias":null},"COLUMN",{"table":"FRAME177762","column":"Studio","alias":"Studio","tableAlias":null},"COLUMN",{"table":"FRAME177762","column":"Title","alias":"Title","tableAlias":null}]}}},{"type":"basic","task":{"taskType":"basic","id":"task3","numCollected":500,"internalOffset":0,"taskOptions":"{\"options\":{\"0\":{\"layout\":\"Pie\",\"alignment\":{\"label\":[\"Genre\"],\"value\":[\"AverageofRevenue_Domestic\"],\"facet\":[]}}}}","qs":{"qsType":"FRAME","isDistinct":true,"overrideImplicit":false,"limit":0,"offset":0,"relations":"[]","groups":["{\"column\":\"PRIM_KEY_PLACEHOLDER\",\"table\":\"Genre\",\"alias\":\"\"}"],"selectors":["COLUMN",{"table":"Genre","column":"PRIM_KEY_PLACEHOLDER","alias":"Genre","tableAlias":null},"FUNCTION",{"alias":"AverageofRevenue_Domestic","function":"mean","distinct":false,"colCast":"","innerSelectors":["COLUMN",{"table":"Revenue_Domestic","column":"PRIM_KEY_PLACEHOLDER","alias":"Revenue_Domestic","tableAlias":null}]}]}}}],"taskCounter":4},"recipe":["AddPanel ( 0 ) ;","Panel ( 0 ) | AddPanelEvents ( { \"onSingleClick\" : { \"Unfilter\" : [ { \"panel\" : \"\" , \"query\" : \"UnfilterFrame(%3CSelectedColumn%3E)%3B\" , \"options\" : { } , \"refresh\" : false , \"default\" : true , \"disabledVisuals\" : [ \"Grid\" , \"Sunburst\" ] , \"disabled\" : false } ] } , \"onBrush\" : { \"Filter\" : [ { \"panel\" : \"\" , \"query\" : \"if(IsEmpty(%3CSelectedValues%3E)%2C%20UnfilterFrame(%3CSelectedColumn%3E)%2C%20SetFrameFilter(%3CSelectedColumn%3E%3D%3D%3CSelectedValues%3E))%3B\" , \"options\" : { } , \"refresh\" : false , \"default\" : true , \"disabled\" : false } ] } } ) ;","Panel ( 0 ) | RetrievePanelEvents ( ) ;","Panel ( 0 ) | SetPanelView ( \"visualization\" , \"%7B%22type%22%3A%22echarts%22%7D\" ) ;","Panel ( 0 ) | SetPanelView ( \"federate-view\" , \"%7B%22app_id%22%3A%224a4398f0-2b5e-49b6-869b-ff9a61f20ab4%22%7D\" ) ;","CreateFrame ( frameType = [ GRID ] ) .as ( [ 'FRAME177762' ] ) ;","Database ( database = [ \"4a4398f0-2b5e-49b6-869b-ff9a61f20ab4\" ] ) | Select ( Director , Title , Title__MovieBudget , Title__Revenue_Domestic , Title__Revenue_International , Title__RottenTomatoes_Audience , Title__RottenTomatoes_Critics , Nominated , Studio , Genre ) .as ( [ Director , Title , MovieBudget , Revenue_Domestic , Revenue_International , RottenTomatoes_Audience , RottenTomatoes_Critics , Nominated , Studio , Genre ] ) | Join ( ( Title , inner.join , Director ) , ( Title , inner.join , Studio ) , ( Title , inner.join , Genre ) , ( Title , inner.join , Nominated ) ) | Import ( ) ;","Panel ( 0 ) | SetPanelView ( \"visualization\" ) ;","Frame ( ) | QueryAll ( ) | AutoTaskOptions ( panel = [ \"0\" ] , layout = [ \"Grid\" ] ) | Collect ( 500 ) ;","Panel ( 0 ) | SetPanelView ( \"visualization\" , \"%7B%22type%22%3A%22echarts%22%7D\" ) ;","if ( ( HasDuplicates ( Genre ) ) , ( Select ( Genre , Average ( Revenue_Domestic ) ) .as ( [ Genre , AverageofRevenue_Domestic ] ) | Group ( Genre ) | With ( Panel ( 0 ) ) | Format ( type = [ 'table' ] ) | TaskOptions ( { \"0\" : { \"layout\" : \"Pie\" , \"alignment\" : { \"label\" : [ \"Genre\" ] , \"value\" : [ \"AverageofRevenue_Domestic\" ] , \"facet\" : [ ] } } } ) | Collect ( 500 ) ) , ( Select ( Genre , Revenue_Domestic ) .as ( [ Genre , Revenue_Domestic ] ) | With ( Panel ( 0 ) ) | Format ( type = [ 'table' ] ) | TaskOptions ( { \"0\" : { \"layout\" : \"Pie\" , \"alignment\" : { \"label\" : [ \"Genre\" ] , \"value\" : [ \"Revenue_Domestic\" ] , \"facet\" : [ ] } } } ) | Collect ( 500 ) ) ) ;","Panel ( 0 ) | AddPanelOrnaments ( { \"showMenu\" : true } ) ;","Panel ( 0 ) | RetrievePanelOrnaments ( \"showMenu\" ) ;"]}