{"insightID":"7e45ac90-8ae4-49c2-b37b-e4bf18b52848","pixelReturn":[{"pixelExpression":"if ( ( HasDuplicates ( Genre ) ) , ( Select ( Genre , Average ( Revenue_Domestic ) ) .as ( [ Genre , AverageofRevenue_Domestic ] ) | Group ( Genre ) | With ( Panel ( 0 ) ) | Format ( type = [ 'table' ] ) | TaskOptions ( { \"0\" : { \"layout\" : \"Pie\" , \"alignment\" : { \"label\" : [ \"Genre\" ] , \"value\" : [ \"AverageofRevenue_Domestic\" ] , \"facet\" : [ ] } } } ) | Collect ( 500 ) ) , ( Select ( Genre , Revenue_Domestic ) .as ( [ Genre , Revenue_Domestic ] ) | With ( Panel ( 0 ) ) | Format ( type = [ 'table' ] ) | TaskOptions ( { \"0\" : { \"layout\" : \"Pie\" , \"alignment\" : { \"label\" : [ \"Genre\" ] , \"value\" : [ \"Revenue_Domestic\" ] , \"facet\" : [ ] } } } ) | Collect ( 500 ) ) ) ;","isMeta":false,"output":{"data":{"values":[["Action-Adventure",1.0171136617777778E8],["Comedy-Musical",6.291877379310345E7],["Documentary",1.4363397E7],["Drama",6.055439392366412E7],["Family-Animation",8.91908201764706E7],["Thriller-Horror",4.224214210144927E7]],"headers":["Genre","AverageofRevenue_Domestic"],"rawHeaders":["GENRE","AverageofRevenue_Domestic"]},"format":{"type":"TABLE"},"headerInfo":[{"alias":"Genre","header":"Genre","type":"STRING","derived":false},{"alias":"AverageofRevenue_Domestic","header":"AverageofRevenue_Domestic","calculatedBy":"Revenue_Domestic","math":"Average","groupBy":["Genre"],"type":"NUMBER","derived":true}],"sortInfo":[],"numCollected":500,"taskOptions":{"0":{"layout":"Pie","alignment":{"label":["Genre"],"value":["AverageofRevenue_Domestic"],"facet":[]}}},"filterInfo":[],"taskId":"task1"},"operationType":["TASK_DATA"]}]}