{"engineId":"4a4398f0-2b5e-49b6-869b-ff9a61f20ab4","engineName":"MovieDatabase","rdbmsId":"a40ebfe4-0944-48c7-b0ea-00c00c9bedf5","varstore":{"GRID_NAME":{"pixelType":"CONST_STRING","class":"java.lang.String","value":["df_2"],"opType":["OPERATION"]}},"frames":[{"file":"@BaseFolder@\\db\\@ENGINE@\\version\\a40ebfe4-0944-48c7-b0ea-00c00c9bedf5\\df_2.rda","meta":"@BaseFolder@\\db\\@ENGINE@\\version\\a40ebfe4-0944-48c7-b0ea-00c00c9bedf5\\METADATA__df_2.owl","state":null,"type":"prerna.ds.r.RDataTable","name":"df_2","keys":["$CUR_FRAME_KEY","FRAME177762"]}],"panels":[{"panelId":"0","panelLabel":null,"view":"visualization","viewOptions":"{\"type\":\"echarts\"}","viewOptionsMap":"{\"federate-view\":{\"app_id\":\"4a4398f0-2b5e-49b6-869b-ff9a61f20ab4\"},\"visualization\":{\"type\":\"echarts\"}}","ornaments":"{\"showMenu\":true}","events":"{\"onSingleClick\":{\"Unfilter\":[{\"disabledVisuals\":[\"Grid\",\"Sunburst\"],\"default\":true,\"query\":\"UnfilterFrame(<SelectedColumn>);\",\"options\":{},\"refresh\":false,\"disabled\":false,\"panel\":\"\"}]},\"onBrush\":{\"Filter\":[{\"default\":true,\"query\":\"if(IsEmpty(<SelectedValues>), UnfilterFrame(<SelectedColumn>), SetFrameFilter(<SelectedColumn>==<SelectedValues>));\",\"options\":{},\"refresh\":false,\"disabled\":false,\"panel\":\"\"}]}}","comments":"{}","position":"{}","filters":[],"order":[],"cbv":{}}],"tasks":{"tasks":[{"type":"basic","task":{"taskType":"basic","id":"task1","numCollected":500,"internalOffset":0,"taskOptions":"{\"options\":{\"0\":{\"layout\":\"Grid\",\"alignment\":{\"label\":[\"Director\",\"Genre\",\"MovieBudget\",\"Nominated\",\"Revenue_Domestic\",\"Revenue_International\",\"RottenTomatoes_Audience\",\"RottenTomatoes_Critics\",\"Studio\",\"Title\"]}}}}","qs":{"qsType":"FRAME","isDistinct":true,"overrideImplicit":false,"limit":0,"offset":0,"relations":"{}","selectors":["COLUMN",{"table":"FRAME177762","column":"Director","alias":"Director","tableAlias":null},"COLUMN",{"table":"FRAME177762","column":"Genre","alias":"Genre","tableAlias":null},"COLUMN",{"table":"FRAME177762","column":"MovieBudget","alias":"MovieBudget","tableAlias":null},"COLUMN",{"table":"FRAME177762","column":"Nominated","alias":"Nominated","tableAlias":null},"COLUMN",{"table":"FRAME177762","column":"Revenue_Domestic","alias":"Revenue_Domestic","tableAlias":null},"COLUMN",{"table":"FRAME177762","column":"Revenue_International","alias":"Revenue_International","tableAlias":null},"COLUMN",{"table":"FRAME177762","column":"RottenTomatoes_Audience","alias":"RottenTomatoes_Audience","tableAlias":null},"COLUMN",{"table":"FRAME177762","column":"RottenTomatoes_Critics","alias":"RottenTomatoes_Critics","tableAlias":null},"COLUMN",{"table":"FRAME177762","column":"Studio","alias":"Studio","tableAlias":null},"COLUMN",{"table":"FRAME177762","column":"Title","alias":"Title","tableAlias":null}]}}},{"type":"basic","task":{"taskType":"basic","id":"task3","numCollected":500,"internalOffset":0,"taskOptions":"{\"options\":{\"0\":{\"layout\":\"Pie\",\"alignment\":{\"label\":[\"Genre\"],\"value\":[\"AverageofRevenue_Domestic\"],\"facet\":[]}}}}","qs":{"qsType":"FRAME","isDistinct":true,"overrideImplicit":false,"limit":0,"offset":0,"relations":"{}","groups":["{\"column\":\"PRIM_KEY_PLACEHOLDER\",\"table\":\"Genre\",\"alias\":\"\"}"],"selectors":["COLUMN",{"table":"Genre","column":"PRIM_KEY_PLACEHOLDER","alias":"Genre","tableAlias":null},"FUNCTION",{"alias":"AverageofRevenue_Domestic","function":"mean","distinct":false,"colCast":"","innerSelectors":["COLUMN",{"table":"Revenue_Domestic","column":"PRIM_KEY_PLACEHOLDER","alias":"Revenue_Domestic","tableAlias":null}]}]}}},{"type":"basic","task":{"taskType":"basic","id":"task5","numCollected":500,"internalOffset":0,"taskOptions":"{\"options\":{\"0\":{\"layout\":\"Grid\",\"alignment\":{\"label\":[\"Director\",\"Genre\",\"MovieBudget\",\"Nominated\",\"Revenue_Domestic\",\"Revenue_International\",\"RottenTomatoes_Audience\",\"RottenTomatoes_Critics\",\"Studio\",\"Title\"]}}}}","qs":{"qsType":"FRAME","isDistinct":true,"overrideImplicit":false,"limit":0,"offset":0,"relations":"{}","selectors":["COLUMN",{"table":"Director","column":"PRIM_KEY_PLACEHOLDER","alias":"Director","tableAlias":null},"COLUMN",{"table":"Genre","column":"PRIM_KEY_PLACEHOLDER","alias":"Genre","tableAlias":null},"COLUMN",{"table":"MovieBudget","column":"PRIM_KEY_PLACEHOLDER","alias":"MovieBudget","tableAlias":null},"COLUMN",{"table":"Nominated","column":"PRIM_KEY_PLACEHOLDER","alias":"Nominated","tableAlias":null},"COLUMN",{"table":"Revenue_Domestic","column":"PRIM_KEY_PLACEHOLDER","alias":"Revenue_Domestic","tableAlias":null},"COLUMN",{"table":"Revenue_International","column":"PRIM_KEY_PLACEHOLDER","alias":"Revenue_International","tableAlias":null},"COLUMN",{"table":"RottenTomatoes_Audience","column":"PRIM_KEY_PLACEHOLDER","alias":"RottenTomatoes_Audience","tableAlias":null},"COLUMN",{"table":"RottenTomatoes_Critics","column":"PRIM_KEY_PLACEHOLDER","alias":"RottenTomatoes_Critics","tableAlias":null},"COLUMN",{"table":"Studio","column":"PRIM_KEY_PLACEHOLDER","alias":"Studio","tableAlias":null},"COLUMN",{"table":"Title","column":"PRIM_KEY_PLACEHOLDER","alias":"Title","tableAlias":null}]}}},{"type":"basic","task":{"taskType":"basic","id":"task7","numCollected":500,"internalOffset":0,"taskOptions":"{\"options\":{\"0\":{\"layout\":\"Grid\",\"alignment\":{\"label\":[\"Genre\",\"MovieBudget\",\"Nominated\",\"Revenue_Domestic\",\"Revenue_International\",\"RottenTomatoes_Audience\",\"RottenTomatoes_Critics\",\"Studio\",\"Title\",\"film_director\"]}}}}","qs":{"qsType":"FRAME","isDistinct":true,"overrideImplicit":false,"limit":0,"offset":0,"relations":"{}","selectors":["COLUMN",{"table":"df_2","column":"Genre","alias":"Genre","tableAlias":null},"COLUMN",{"table":"df_2","column":"MovieBudget","alias":"MovieBudget","tableAlias":null},"COLUMN",{"table":"df_2","column":"Nominated","alias":"Nominated","tableAlias":null},"COLUMN",{"table":"df_2","column":"Revenue_Domestic","alias":"Revenue_Domestic","tableAlias":null},"COLUMN",{"table":"df_2","column":"Revenue_International","alias":"Revenue_International","tableAlias":null},"COLUMN",{"table":"df_2","column":"RottenTomatoes_Audience","alias":"RottenTomatoes_Audience","tableAlias":null},"COLUMN",{"table":"df_2","column":"RottenTomatoes_Critics","alias":"RottenTomatoes_Critics","tableAlias":null},"COLUMN",{"table":"df_2","column":"Studio","alias":"Studio","tableAlias":null},"COLUMN",{"table":"df_2","column":"Title","alias":"Title","tableAlias":null},"COLUMN",{"table":"df_2","column":"film_director","alias":"film_director","tableAlias":null}]}}},{"type":"basic","task":{"taskType":"basic","id":"task9","numCollected":500,"internalOffset":0,"taskOptions":"{\"options\":{\"0\":{\"layout\":\"Choropleth\",\"alignment\":{\"label\":[\"Genre\"],\"value\":[\"AverageofMovieBudget\"],\"facet\":[]}}}}","qs":{"qsType":"FRAME","isDistinct":true,"overrideImplicit":false,"limit":0,"offset":0,"relations":"{}","groups":["{\"column\":\"PRIM_KEY_PLACEHOLDER\",\"table\":\"Genre\",\"alias\":\"\"}"],"selectors":["COLUMN",{"table":"Genre","column":"PRIM_KEY_PLACEHOLDER","alias":"Genre","tableAlias":null},"FUNCTION",{"alias":"AverageofMovieBudget","function":"mean","distinct":false,"colCast":"","innerSelectors":["COLUMN",{"table":"MovieBudget","column":"PRIM_KEY_PLACEHOLDER","alias":"MovieBudget","tableAlias":null}]}]}}},{"type":"basic","task":{"taskType":"basic","id":"task11","numCollected":500,"internalOffset":0,"taskOptions":"{\"options\":{\"0\":{\"layout\":\"Choropleth\",\"alignment\":{\"label\":[\"Genre\"],\"value\":[\"AverageofMovieBudget\"],\"facet\":[]}}}}","qs":{"qsType":"FRAME","isDistinct":true,"overrideImplicit":false,"limit":0,"offset":0,"relations":"{}","groups":["{\"column\":\"PRIM_KEY_PLACEHOLDER\",\"table\":\"Genre\",\"alias\":\"\"}"],"selectors":["COLUMN",{"table":"Genre","column":"PRIM_KEY_PLACEHOLDER","alias":"Genre","tableAlias":null},"FUNCTION",{"alias":"AverageofMovieBudget","function":"mean","distinct":false,"colCast":"","innerSelectors":["COLUMN",{"table":"MovieBudget","column":"PRIM_KEY_PLACEHOLDER","alias":"MovieBudget","tableAlias":null}]}]}}},{"type":"basic","task":{"taskType":"basic","id":"task13","numCollected":500,"internalOffset":0,"taskOptions":"{\"options\":{\"0\":{\"layout\":\"Grid\",\"alignment\":{\"label\":[\"Genre\",\"MovieBudget\",\"Nominated\",\"Revenue_Domestic\",\"Revenue_International\",\"RottenTomatoes_Audience\",\"RottenTomatoes_Critics\",\"Studio\",\"Title\",\"film_director\"]}}}}","qs":{"qsType":"FRAME","isDistinct":true,"overrideImplicit":false,"limit":0,"offset":0,"relations":"{}","selectors":["COLUMN",{"table":"Genre","column":"PRIM_KEY_PLACEHOLDER","alias":"Genre","tableAlias":null},"COLUMN",{"table":"MovieBudget","column":"PRIM_KEY_PLACEHOLDER","alias":"MovieBudget","tableAlias":null},"COLUMN",{"table":"Nominated","column":"PRIM_KEY_PLACEHOLDER","alias":"Nominated","tableAlias":null},"COLUMN",{"table":"Revenue_Domestic","column":"PRIM_KEY_PLACEHOLDER","alias":"Revenue_Domestic","tableAlias":null},"COLUMN",{"table":"Revenue_International","column":"PRIM_KEY_PLACEHOLDER","alias":"Revenue_International","tableAlias":null},"COLUMN",{"table":"RottenTomatoes_Audience","column":"PRIM_KEY_PLACEHOLDER","alias":"RottenTomatoes_Audience","tableAlias":null},"COLUMN",{"table":"RottenTomatoes_Critics","column":"PRIM_KEY_PLACEHOLDER","alias":"RottenTomatoes_Critics","tableAlias":null},"COLUMN",{"table":"Studio","column":"PRIM_KEY_PLACEHOLDER","alias":"Studio","tableAlias":null},"COLUMN",{"table":"Title","column":"PRIM_KEY_PLACEHOLDER","alias":"Title","tableAlias":null},"COLUMN",{"table":"film_director","column":"PRIM_KEY_PLACEHOLDER","alias":"film_director","tableAlias":null}]}}},{"type":"basic","task":{"taskType":"basic","id":"task15","numCollected":500,"internalOffset":0,"taskOptions":"{\"options\":{\"0\":{\"layout\":\"Column\",\"alignment\":{\"tooltip\":[],\"label\":[\"Genre\"],\"value\":[\"AverageofMovieBudget\",\"CountofNominated\",\"AverageofRevenue_Domestic\",\"AverageofRevenue_International\",\"AverageofRottenTomatoes_Audience\",\"AverageofRottenTomatoes_Critics\",\"CountofStudio\",\"CountofTitle\",\"Countoffilm_director\"]}}}}","qs":{"qsType":"FRAME","isDistinct":true,"overrideImplicit":false,"limit":0,"offset":0,"relations":"{}","groups":["{\"column\":\"PRIM_KEY_PLACEHOLDER\",\"table\":\"Genre\",\"alias\":\"\"}"],"selectors":["COLUMN",{"table":"Genre","column":"PRIM_KEY_PLACEHOLDER","alias":"Genre","tableAlias":null},"FUNCTION",{"alias":"AverageofMovieBudget","function":"mean","distinct":false,"colCast":"","innerSelectors":["COLUMN",{"table":"MovieBudget","column":"PRIM_KEY_PLACEHOLDER","alias":"MovieBudget","tableAlias":null}]},"FUNCTION",{"alias":"CountofNominated","function":"count","distinct":false,"colCast":"","innerSelectors":["COLUMN",{"table":"Nominated","column":"PRIM_KEY_PLACEHOLDER","alias":"Nominated","tableAlias":null}]},"FUNCTION",{"alias":"AverageofRevenue_Domestic","function":"mean","distinct":false,"colCast":"","innerSelectors":["COLUMN",{"table":"Revenue_Domestic","column":"PRIM_KEY_PLACEHOLDER","alias":"Revenue_Domestic","tableAlias":null}]},"FUNCTION",{"alias":"AverageofRevenue_International","function":"mean","distinct":false,"colCast":"","innerSelectors":["COLUMN",{"table":"Revenue_International","column":"PRIM_KEY_PLACEHOLDER","alias":"Revenue_International","tableAlias":null}]},"FUNCTION",{"alias":"AverageofRottenTomatoes_Audience","function":"mean","distinct":false,"colCast":"","innerSelectors":["COLUMN",{"table":"RottenTomatoes_Audience","column":"PRIM_KEY_PLACEHOLDER","alias":"RottenTomatoes_Audience","tableAlias":null}]},"FUNCTION",{"alias":"AverageofRottenTomatoes_Critics","function":"mean","distinct":false,"colCast":"","innerSelectors":["COLUMN",{"table":"RottenTomatoes_Critics","column":"PRIM_KEY_PLACEHOLDER","alias":"RottenTomatoes_Critics","tableAlias":null}]},"FUNCTION",{"alias":"CountofStudio","function":"count","distinct":false,"colCast":"","innerSelectors":["COLUMN",{"table":"Studio","column":"PRIM_KEY_PLACEHOLDER","alias":"Studio","tableAlias":null}]},"FUNCTION",{"alias":"CountofTitle","function":"count","distinct":false,"colCast":"","innerSelectors":["COLUMN",{"table":"Title","column":"PRIM_KEY_PLACEHOLDER","alias":"Title","tableAlias":null}]},"FUNCTION",{"alias":"Countoffilm_director","function":"count","distinct":false,"colCast":"","innerSelectors":["COLUMN",{"table":"film_director","column":"PRIM_KEY_PLACEHOLDER","alias":"film_director","tableAlias":null}]}]}}},{"type":"basic","task":{"taskType":"basic","id":"task17","numCollected":500,"internalOffset":0,"taskOptions":"{\"options\":{\"0\":{\"layout\":\"Column\",\"alignment\":{\"tooltip\":[],\"label\":[\"Genre\"],\"value\":[\"AverageofMovieBudget\"],\"facet\":[]}}}}","qs":{"qsType":"FRAME","isDistinct":true,"overrideImplicit":false,"limit":0,"offset":0,"relations":"{}","groups":["{\"column\":\"PRIM_KEY_PLACEHOLDER\",\"table\":\"Genre\",\"alias\":\"\"}"],"selectors":["COLUMN",{"table":"Genre","column":"PRIM_KEY_PLACEHOLDER","alias":"Genre","tableAlias":null},"FUNCTION",{"alias":"AverageofMovieBudget","function":"mean","distinct":false,"colCast":"","innerSelectors":["COLUMN",{"table":"MovieBudget","column":"PRIM_KEY_PLACEHOLDER","alias":"MovieBudget","tableAlias":null}]}]}}}],"taskCounter":18},"recipe":["AddPanel ( 0 ) ;","Panel ( 0 ) | AddPanelEvents ( { \"onSingleClick\" : { \"Unfilter\" : [ { \"panel\" : \"\" , \"query\" : \"UnfilterFrame(%3CSelectedColumn%3E)%3B\" , \"options\" : { } , \"refresh\" : false , \"default\" : true , \"disabledVisuals\" : [ \"Grid\" , \"Sunburst\" ] , \"disabled\" : false } ] } , \"onBrush\" : { \"Filter\" : [ { \"panel\" : \"\" , \"query\" : \"if(IsEmpty(%3CSelectedValues%3E)%2C%20UnfilterFrame(%3CSelectedColumn%3E)%2C%20SetFrameFilter(%3CSelectedColumn%3E%3D%3D%3CSelectedValues%3E))%3B\" , \"options\" : { } , \"refresh\" : false , \"default\" : true , \"disabled\" : false } ] } } ) ;","Panel ( 0 ) | RetrievePanelEvents ( ) ;","Panel ( 0 ) | SetPanelView ( \"visualization\" , \"%7B%22type%22%3A%22echarts%22%7D\" ) ;","Panel ( 0 ) | SetPanelView ( \"federate-view\" , \"%7B%22app_id%22%3A%224a4398f0-2b5e-49b6-869b-ff9a61f20ab4%22%7D\" ) ;","CreateFrame ( frameType = [ GRID ] ) .as ( [ 'FRAME177762' ] ) ;","Database ( database = [ \"4a4398f0-2b5e-49b6-869b-ff9a61f20ab4\" ] ) | Select ( Director , Title , Title__MovieBudget , Title__Revenue_Domestic , Title__Revenue_International , Title__RottenTomatoes_Audience , Title__RottenTomatoes_Critics , Nominated , Studio , Genre ) .as ( [ Director , Title , MovieBudget , Revenue_Domestic , Revenue_International , RottenTomatoes_Audience , RottenTomatoes_Critics , Nominated , Studio , Genre ] ) | Join ( ( Title , inner.join , Director ) , ( Title , inner.join , Studio ) , ( Title , inner.join , Genre ) , ( Title , inner.join , Nominated ) ) | Import ( ) ;","Panel ( 0 ) | SetPanelView ( \"visualization\" ) ;","Frame ( ) | QueryAll ( ) | AutoTaskOptions ( panel = [ \"0\" ] , layout = [ \"Grid\" ] ) | Collect ( 500 ) ;","Panel ( 0 ) | SetPanelView ( \"visualization\" , \"%7B%22type%22%3A%22echarts%22%7D\" ) ;","if ( ( HasDuplicates ( Genre ) ) , ( Select ( Genre , Average ( Revenue_Domestic ) ) .as ( [ Genre , AverageofRevenue_Domestic ] ) | Group ( Genre ) | With ( Panel ( 0 ) ) | Format ( type = [ 'table' ] ) | TaskOptions ( { \"0\" : { \"layout\" : \"Pie\" , \"alignment\" : { \"label\" : [ \"Genre\" ] , \"value\" : [ \"AverageofRevenue_Domestic\" ] , \"facet\" : [ ] } } } ) | Collect ( 500 ) ) , ( Select ( Genre , Revenue_Domestic ) .as ( [ Genre , Revenue_Domestic ] ) | With ( Panel ( 0 ) ) | Format ( type = [ 'table' ] ) | TaskOptions ( { \"0\" : { \"layout\" : \"Pie\" , \"alignment\" : { \"label\" : [ \"Genre\" ] , \"value\" : [ \"Revenue_Domestic\" ] , \"facet\" : [ ] } } } ) | Collect ( 500 ) ) ) ;","Panel ( 0 ) | AddPanelOrnaments ( { \"showMenu\" : true } ) ;","Panel ( 0 ) | RetrievePanelOrnaments ( \"showMenu\" ) ;","<j>synchronizeGridToRDataTable(%22%22)</j> ;","Frame ( ) | Select ( Director , Genre , MovieBudget , Nominated , Revenue_Domestic , Revenue_International , RottenTomatoes_Audience , RottenTomatoes_Critics , Studio , Title ) .as ( [ Director , Genre , MovieBudget , Nominated , Revenue_Domestic , Revenue_International , RottenTomatoes_Audience , RottenTomatoes_Critics , Studio , Title ] ) | Format ( type = [ 'table' ] ) | TaskOptions ( { \"0\" : { \"layout\" : \"Grid\" , \"alignment\" : { \"label\" : [ \"Director\" , \"Genre\" , \"MovieBudget\" , \"Nominated\" , \"Revenue_Domestic\" , \"Revenue_International\" , \"RottenTomatoes_Audience\" , \"RottenTomatoes_Critics\" , \"Studio\" , \"Title\" ] } } } ) | Collect ( 500 ) ;","RenameColumn ( column = [ Director ] , newCol = [ \"film director\" ] ) ;","Frame ( ) | QueryAll ( ) | AutoTaskOptions ( panel = [ \"0\" ] , layout = [ \"Grid\" ] ) | Collect ( 500 ) ;","Panel ( 0 ) | SetPanelView ( \"visualization\" , \"%7B%22type%22%3A%22echarts%22%7D\" ) ;","if ( ( HasDuplicates ( Genre ) ) , ( Select ( Genre , Average ( MovieBudget ) ) .as ( [ Genre , AverageofMovieBudget ] ) | Group ( Genre ) | With ( Panel ( 0 ) ) | Format ( type = [ 'table' ] ) | TaskOptions ( { \"0\" : { \"layout\" : \"Choropleth\" , \"alignment\" : { \"label\" : [ \"Genre\" ] , \"value\" : [ \"AverageofMovieBudget\" ] , \"facet\" : [ ] } } } ) | Collect ( 500 ) ) , ( Select ( Genre , MovieBudget ) .as ( [ Genre , MovieBudget ] ) | With ( Panel ( 0 ) ) | Format ( type = [ 'table' ] ) | TaskOptions ( { \"0\" : { \"layout\" : \"Choropleth\" , \"alignment\" : { \"label\" : [ \"Genre\" ] , \"value\" : [ \"MovieBudget\" ] , \"facet\" : [ ] } } } ) | Collect ( 500 ) ) ) ;","if ( ( HasDuplicates ( Genre ) ) , ( Select ( Genre , Average ( MovieBudget ) ) .as ( [ Genre , AverageofMovieBudget ] ) | Group ( Genre ) | With ( Panel ( 0 ) ) | Format ( type = [ 'table' ] ) | TaskOptions ( { \"0\" : { \"layout\" : \"Choropleth\" , \"alignment\" : { \"label\" : [ \"Genre\" ] , \"value\" : [ \"AverageofMovieBudget\" ] , \"facet\" : [ ] } } } ) | Collect ( 500 ) ) , ( Select ( Genre , MovieBudget ) .as ( [ Genre , MovieBudget ] ) | With ( Panel ( 0 ) ) | Format ( type = [ 'table' ] ) | TaskOptions ( { \"0\" : { \"layout\" : \"Choropleth\" , \"alignment\" : { \"label\" : [ \"Genre\" ] , \"value\" : [ \"MovieBudget\" ] , \"facet\" : [ ] } } } ) | Collect ( 500 ) ) ) ;","Panel ( 0 ) | SetPanelView ( \"visualization\" , \"%7B%22type%22%3A%22standard%22%7D\" ) ;","Select ( Genre , MovieBudget , Nominated , Revenue_Domestic , Revenue_International , RottenTomatoes_Audience , RottenTomatoes_Critics , Studio , Title , film_director ) .as ( [ Genre , MovieBudget , Nominated , Revenue_Domestic , Revenue_International , RottenTomatoes_Audience , RottenTomatoes_Critics , Studio , Title , film_director ] ) | With ( Panel ( 0 ) ) | Format ( type = [ 'table' ] ) | TaskOptions ( { \"0\" : { \"layout\" : \"Grid\" , \"alignment\" : { \"label\" : [ \"Genre\" , \"MovieBudget\" , \"Nominated\" , \"Revenue_Domestic\" , \"Revenue_International\" , \"RottenTomatoes_Audience\" , \"RottenTomatoes_Critics\" , \"Studio\" , \"Title\" , \"film_director\" ] } } } ) | Collect ( 500 ) ;","Panel ( 0 ) | SetPanelView ( \"visualization\" , \"%7B%22type%22%3A%22echarts%22%7D\" ) ;","if ( ( HasDuplicates ( Genre ) ) , ( Select ( Genre , Average ( MovieBudget ) , Count ( Nominated ) , Average ( Revenue_Domestic ) , Average ( Revenue_International ) , Average ( RottenTomatoes_Audience ) , Average ( RottenTomatoes_Critics ) , Count ( Studio ) , Count ( Title ) , Count ( film_director ) ) .as ( [ Genre , AverageofMovieBudget , CountofNominated , AverageofRevenue_Domestic , AverageofRevenue_International , AverageofRottenTomatoes_Audience , AverageofRottenTomatoes_Critics , CountofStudio , CountofTitle , Countoffilm_director ] ) | Group ( Genre ) | With ( Panel ( 0 ) ) | Format ( type = [ 'table' ] ) | TaskOptions ( { \"0\" : { \"layout\" : \"Column\" , \"alignment\" : { \"label\" : [ \"Genre\" ] , \"value\" : [ \"AverageofMovieBudget\" , \"CountofNominated\" , \"AverageofRevenue_Domestic\" , \"AverageofRevenue_International\" , \"AverageofRottenTomatoes_Audience\" , \"AverageofRottenTomatoes_Critics\" , \"CountofStudio\" , \"CountofTitle\" , \"Countoffilm_director\" ] , \"tooltip\" : [ ] } } } ) | Collect ( 500 ) ) , ( Select ( Genre , MovieBudget , Count ( Nominated ) , Revenue_Domestic , Revenue_International , RottenTomatoes_Audience , RottenTomatoes_Critics , Count ( Studio ) , Count ( Title ) , Count ( film_director ) ) .as ( [ Genre , MovieBudget , CountofNominated , Revenue_Domestic , Revenue_International , RottenTomatoes_Audience , RottenTomatoes_Critics , CountofStudio , CountofTitle , Countoffilm_director ] ) | Group ( Genre ) | With ( Panel ( 0 ) ) | Format ( type = [ 'table' ] ) | TaskOptions ( { \"0\" : { \"layout\" : \"Column\" , \"alignment\" : { \"label\" : [ \"Genre\" ] , \"value\" : [ \"MovieBudget\" , \"CountofNominated\" , \"Revenue_Domestic\" , \"Revenue_International\" , \"RottenTomatoes_Audience\" , \"RottenTomatoes_Critics\" , \"CountofStudio\" , \"CountofTitle\" , \"Countoffilm_director\" ] , \"tooltip\" : [ ] } } } ) | Collect ( 500 ) ) ) ;","if ( ( HasDuplicates ( Genre ) ) , ( Select ( Genre , Average ( MovieBudget ) ) .as ( [ Genre , AverageofMovieBudget ] ) | Group ( Genre ) | With ( Panel ( 0 ) ) | Format ( type = [ 'table' ] ) | TaskOptions ( { \"0\" : { \"layout\" : \"Column\" , \"alignment\" : { \"label\" : [ \"Genre\" ] , \"value\" : [ \"AverageofMovieBudget\" ] , \"tooltip\" : [ ] , \"facet\" : [ ] } } } ) | Collect ( 500 ) ) , ( Select ( Genre , MovieBudget ) .as ( [ Genre , MovieBudget ] ) | With ( Panel ( 0 ) ) | Format ( type = [ 'table' ] ) | TaskOptions ( { \"0\" : { \"layout\" : \"Column\" , \"alignment\" : { \"label\" : [ \"Genre\" ] , \"value\" : [ \"MovieBudget\" ] , \"tooltip\" : [ ] , \"facet\" : [ ] } } } ) | Collect ( 500 ) ) ) ;"]}