{"insightID":"8305fae4-ade3-415f-aeb6-1da8a833ff3d","pixelReturn":[{"pixelExpression":"if ( ( HasDuplicates ( Genre ) ) , ( Select ( Genre , Average ( MovieBudget ) ) .as ( [ Genre , AverageofMovieBudget ] ) | Group ( Genre ) | With ( Panel ( 0 ) ) | Format ( type = [ 'table' ] ) | TaskOptions ( { \"0\" : { \"layout\" : \"Column\" , \"alignment\" : { \"label\" : [ \"Genre\" ] , \"value\" : [ \"AverageofMovieBudget\" ] , \"tooltip\" : [ ] , \"facet\" : [ ] } } } ) | Collect ( 500 ) ) , ( Select ( Genre , MovieBudget ) .as ( [ Genre , MovieBudget ] ) | With ( Panel ( 0 ) ) | Format ( type = [ 'table' ] ) | TaskOptions ( { \"0\" : { \"layout\" : \"Column\" , \"alignment\" : { \"label\" : [ \"Genre\" ] , \"value\" : [ \"MovieBudget\" ] , \"tooltip\" : [ ] , \"facet\" : [ ] } } } ) | Collect ( 500 ) ) ) ;","isMeta":false,"output":{"data":{"values":[["Action-Adventure",6.899666666666667E7],["Comedy-Musical",3.4620689655172415E7],["Documentary",2.0E7],["Drama",2.9769190839694656E7],["Family-Animation",7.341176470588236E7],["Thriller-Horror",2.7043478260869566E7]],"headers":["Genre","AverageofMovieBudget"],"rawHeaders":["Genre","AverageofMovieBudget"]},"format":{"type":"TABLE"},"headerInfo":[{"alias":"Genre","header":"Genre","type":"STRING","derived":false},{"alias":"AverageofMovieBudget","header":"AverageofMovieBudget","calculatedBy":"MovieBudget","math":"Average","groupBy":["Genre"],"type":"STRING","derived":true}],"sortInfo":[],"numCollected":500,"taskOptions":{"0":{"layout":"Column","alignment":{"tooltip":[],"label":["Genre"],"value":["AverageofMovieBudget"],"facet":[]}}},"filterInfo":[],"taskId":"task1"},"operationType":["TASK_DATA"]}]}