{"engineId":"4a4398f0-2b5e-49b6-869b-ff9a61f20ab4","engineName":"MovieDatabase","rdbmsId":"59c1064a-be58-4415-834e-3e6b994449fe","varstore":{},"frames":[{"file":"@BaseFolder@\\db\\@ENGINE@\\version\\59c1064a-be58-4415-834e-3e6b994449fe\\FRAME994221.gz","meta":"@BaseFolder@\\db\\@ENGINE@\\version\\59c1064a-be58-4415-834e-3e6b994449fe\\METADATA__FRAME994221.owl","state":null,"type":"prerna.ds.h2.H2Frame","name":"FRAME994221","keys":["$CUR_FRAME_KEY","FRAME994221"]}],"panels":[{"panelId":"0","panelLabel":"0","view":"visualization","viewOptions":null,"ornaments":"{\"showMenu\":true}","events":"{\"onSingleClick\":{\"Unfilter\":[{\"disabledVisuals\":[\"Grid\"],\"default\":true,\"query\":\"UnfilterFrame(<SelectedColumn>);\",\"options\":{},\"refresh\":true,\"disabled\":false,\"panel\":\"\"}]},\"onBrush\":{\"Filter\":[{\"default\":true,\"query\":\"if(IsEmpty(<SelectedValues>), UnfilterFrame(<SelectedColumn>), SetFrameFilter(<SelectedColumn>==<SelectedValues>));\",\"options\":{},\"refresh\":true,\"disabled\":false,\"panel\":\"\"}]}}","filters":"[]","order":"[]","comments":"{}","position":"{}"}],"tasks":{"tasks":[{"type":"basic","task":{"taskType":"basic","id":"task1","numCollected":500,"internalOffset":0,"taskOptions":"{\"options\":{\"0\":{\"layout\":\"Grid\",\"alignment\":{\"label\":[\"Director\",\"Genre\",\"MovieBudget\",\"Nominated\",\"Revenue_Domestic\",\"Revenue_International\",\"RottenTomatoes_Audience\",\"RottenTomatoes_Critics\",\"Studio\",\"Title\"]}}}}","qs":{"qsType":"FRAME","isDistinct":true,"overrideImplicit":false,"limit":0,"offset":0,"relations":"{}","selectors":["COLUMN",{"table":"Director","column":"PRIM_KEY_PLACEHOLDER","alias":"Director","tableAlias":null},"COLUMN",{"table":"Genre","column":"PRIM_KEY_PLACEHOLDER","alias":"Genre","tableAlias":null},"COLUMN",{"table":"MovieBudget","column":"PRIM_KEY_PLACEHOLDER","alias":"MovieBudget","tableAlias":null},"COLUMN",{"table":"Nominated","column":"PRIM_KEY_PLACEHOLDER","alias":"Nominated","tableAlias":null},"COLUMN",{"table":"Revenue_Domestic","column":"PRIM_KEY_PLACEHOLDER","alias":"Revenue_Domestic","tableAlias":null},"COLUMN",{"table":"Revenue_International","column":"PRIM_KEY_PLACEHOLDER","alias":"Revenue_International","tableAlias":null},"COLUMN",{"table":"RottenTomatoes_Audience","column":"PRIM_KEY_PLACEHOLDER","alias":"RottenTomatoes_Audience","tableAlias":null},"COLUMN",{"table":"RottenTomatoes_Critics","column":"PRIM_KEY_PLACEHOLDER","alias":"RottenTomatoes_Critics","tableAlias":null},"COLUMN",{"table":"Studio","column":"PRIM_KEY_PLACEHOLDER","alias":"Studio","tableAlias":null},"COLUMN",{"table":"Title","column":"PRIM_KEY_PLACEHOLDER","alias":"Title","tableAlias":null}]}}},{"type":"basic","task":{"taskType":"basic","id":"task3","numCollected":500,"internalOffset":0,"taskOptions":"{\"options\":{\"0\":{\"layout\":\"Grid\",\"alignment\":{\"label\":[\"Director\",\"Genre\",\"MovieBudget\",\"Nominated\",\"Revenue_Domestic\",\"Revenue_International\",\"RottenTomatoes_Audience\",\"RottenTomatoes_Critics\",\"Studio\",\"Title\",\"Total_Revenue\"]}}}}","qs":{"qsType":"FRAME","isDistinct":true,"overrideImplicit":false,"limit":0,"offset":0,"relations":"{}","orders":["{\"sortDir\":\"ASC\",\"column\":\"PRIM_KEY_PLACEHOLDER\",\"table\":\"Director\",\"alias\":\"\"}"],"selectors":["COLUMN",{"table":"Director","column":"PRIM_KEY_PLACEHOLDER","alias":"Director","tableAlias":null},"COLUMN",{"table":"Genre","column":"PRIM_KEY_PLACEHOLDER","alias":"Genre","tableAlias":null},"COLUMN",{"table":"MovieBudget","column":"PRIM_KEY_PLACEHOLDER","alias":"MovieBudget","tableAlias":null},"COLUMN",{"table":"Nominated","column":"PRIM_KEY_PLACEHOLDER","alias":"Nominated","tableAlias":null},"COLUMN",{"table":"Revenue_Domestic","column":"PRIM_KEY_PLACEHOLDER","alias":"Revenue_Domestic","tableAlias":null},"COLUMN",{"table":"Revenue_International","column":"PRIM_KEY_PLACEHOLDER","alias":"Revenue_International","tableAlias":null},"COLUMN",{"table":"RottenTomatoes_Audience","column":"PRIM_KEY_PLACEHOLDER","alias":"RottenTomatoes_Audience","tableAlias":null},"COLUMN",{"table":"RottenTomatoes_Critics","column":"PRIM_KEY_PLACEHOLDER","alias":"RottenTomatoes_Critics","tableAlias":null},"COLUMN",{"table":"Studio","column":"PRIM_KEY_PLACEHOLDER","alias":"Studio","tableAlias":null},"COLUMN",{"table":"Title","column":"PRIM_KEY_PLACEHOLDER","alias":"Title","tableAlias":null},"COLUMN",{"table":"Total_Revenue","column":"PRIM_KEY_PLACEHOLDER","alias":"Total_Revenue","tableAlias":null}]}}},{"type":"basic","task":{"taskType":"basic","id":"task5","numCollected":500,"internalOffset":0,"taskOptions":"{\"options\":{\"0\":{\"layout\":\"Pie\",\"alignment\":{\"label\":[\"Genre\"],\"value\":[\"AverageofTotal_Revenue\"],\"facet\":[]}}}}","qs":{"qsType":"FRAME","isDistinct":true,"overrideImplicit":false,"limit":0,"offset":0,"relations":"{}","groups":["{\"column\":\"PRIM_KEY_PLACEHOLDER\",\"table\":\"Genre\",\"alias\":\"\"}"],"orders":["{\"sortDir\":\"ASC\",\"column\":\"PRIM_KEY_PLACEHOLDER\",\"table\":\"Genre\",\"alias\":\"\"}"],"selectors":["COLUMN",{"table":"Genre","column":"PRIM_KEY_PLACEHOLDER","alias":"Genre","tableAlias":null},"FUNCTION",{"alias":"AverageofTotal_Revenue","function":"mean","distinct":false,"colCast":"","innerSelectors":["COLUMN",{"table":"Total_Revenue","column":"PRIM_KEY_PLACEHOLDER","alias":"Total_Revenue","tableAlias":null}]}]}}}],"taskCounter":6},"recipe":["AddPanel ( 0 ) ;","Panel ( 0 ) | AddPanelEvents ( { \"onSingleClick\" : { \"Unfilter\" : [ { \"panel\" : \"\" , \"query\" : \"UnfilterFrame(%3CSelectedColumn%3E)%3B\" , \"options\" : { } , \"refresh\" : true , \"default\" : true , \"disabledVisuals\" : [ \"Grid\" ] , \"disabled\" : false } ] } , \"onBrush\" : { \"Filter\" : [ { \"panel\" : \"\" , \"query\" : \"if(IsEmpty(%3CSelectedValues%3E)%2C%20UnfilterFrame(%3CSelectedColumn%3E)%2C%20SetFrameFilter(%3CSelectedColumn%3E%3D%3D%3CSelectedValues%3E))%3B\" , \"options\" : { } , \"refresh\" : true , \"default\" : true , \"disabled\" : false } ] } } ) ;","Panel ( 0 ) | RetrievePanelEvents ( ) ;","Panel ( 0 ) | SetPanelView ( \"visualization\" , \"%7B%22type%22%3A%22echarts%22%7D\" ) ;","Panel ( 0 ) | SetPanelView ( \"federate-view\" , \"%7B%22core_engine%22%3A%22MovieDatabase%22%7D\" ) ;","CreateFrame ( grid ) .as ( [ 'FRAME994221' ] ) ;","Database ( MovieDatabase ) | Select ( Director , Genre , Nominated , Studio , Title , Title__MovieBudget , Title__Revenue_Domestic , Title__Revenue_International , Title__RottenTomatoes_Audience , Title__RottenTomatoes_Critics ) .as ( [ Director , Genre , Nominated , Studio , Title , MovieBudget , Revenue_Domestic , Revenue_International , RottenTomatoes_Audience , RottenTomatoes_Critics ] ) | Join ( ( Title , inner.join , Studio ) , ( Title , inner.join , Director ) , ( Title , inner.join , Genre ) , ( Title , inner.join , Nominated ) ) | Import ( ) ;","Panel ( 0 ) | SetPanelView ( \"visualization\" ) ;","Panel ( 0 ) | SetPanelView ( \"visualization\" ) ;","Frame ( ) | Select ( Director , Genre , MovieBudget , Nominated , Revenue_Domestic , Revenue_International , RottenTomatoes_Audience , RottenTomatoes_Critics , Studio , Title ) .as ( [ Director , Genre , MovieBudget , Nominated , Revenue_Domestic , Revenue_International , RottenTomatoes_Audience , RottenTomatoes_Critics , Studio , Title ] ) | With ( Panel ( 0 ) ) | Format ( type = [ 'table' ] ) | TaskOptions ( { \"0\" : { \"layout\" : \"Grid\" , \"alignment\" : { \"label\" : [ \"Director\" , \"Genre\" , \"MovieBudget\" , \"Nominated\" , \"Revenue_Domestic\" , \"Revenue_International\" , \"RottenTomatoes_Audience\" , \"RottenTomatoes_Critics\" , \"Studio\" , \"Title\" ] } } } ) | Collect ( 500 ) ;","Select ( ( Revenue_Domestic + Revenue_International ) , Revenue_Domestic , Revenue_International ) .as ( [ Total_Revenue , Revenue_Domestic , Revenue_International ] ) | Merge ( ( Revenue_Domestic , inner.join , Revenue_Domestic ) , ( Revenue_International , inner.join , Revenue_International ) ) ;","Frame ( ) | Select ( Director , Genre , MovieBudget , Nominated , Revenue_Domestic , Revenue_International , RottenTomatoes_Audience , RottenTomatoes_Critics , Studio , Title , Total_Revenue ) .as ( [ Director , Genre , MovieBudget , Nominated , Revenue_Domestic , Revenue_International , RottenTomatoes_Audience , RottenTomatoes_Critics , Studio , Title , Total_Revenue ] ) | With ( Panel ( 0 ) ) | Format ( type = [ 'table' ] ) | TaskOptions ( { \"0\" : { \"layout\" : \"Grid\" , \"alignment\" : { \"label\" : [ \"Director\" , \"Genre\" , \"MovieBudget\" , \"Nominated\" , \"Revenue_Domestic\" , \"Revenue_International\" , \"RottenTomatoes_Audience\" , \"RottenTomatoes_Critics\" , \"Studio\" , \"Title\" , \"Total_Revenue\" ] } } } ) | Collect ( 500 ) ;","if ( ( HasDuplicates ( Genre ) ) , ( Select ( Genre , Average ( Total_Revenue ) ) .as ( [ Genre , AverageofTotal_Revenue ] ) | Group ( Genre ) | With ( Panel ( 0 ) ) | Format ( type = [ 'table' ] ) | TaskOptions ( { \"0\" : { \"layout\" : \"Pie\" , \"alignment\" : { \"label\" : [ \"Genre\" ] , \"value\" : [ \"AverageofTotal_Revenue\" ] , \"facet\" : [ ] } } } ) | Collect ( 500 ) ) , ( Select ( Genre , Total_Revenue ) .as ( [ Genre , Total_Revenue ] ) | With ( Panel ( 0 ) ) | Format ( type = [ 'table' ] ) | TaskOptions ( { \"0\" : { \"layout\" : \"Pie\" , \"alignment\" : { \"label\" : [ \"Genre\" ] , \"value\" : [ \"Total_Revenue\" ] , \"facet\" : [ ] } } } ) | Collect ( 500 ) ) ) ;","Panel ( 0 ) | AddPanelOrnaments ( { \"showMenu\" : true } ) ;","Panel ( 0 ) | RetrievePanelOrnaments ( \"showMenu\" ) ;"]}