{"insightID":"961941c1-140d-4188-9380-7df42435b9a8","pixelReturn":[{"pixelExpression":"if ( ( HasDuplicates ( Genre ) ) , ( Select ( Genre , Average ( Total_Revenue ) ) .as ( [ Genre , AverageofTotal_Revenue ] ) | Group ( Genre ) | With ( Panel ( 0 ) ) | Format ( type = [ 'table' ] ) | TaskOptions ( { \"0\" : { \"layout\" : \"Pie\" , \"alignment\" : { \"label\" : [ \"Genre\" ] , \"value\" : [ \"AverageofTotal_Revenue\" ] , \"facet\" : [ ] } } } ) | Collect ( 500 ) ) , ( Select ( Genre , Total_Revenue ) .as ( [ Genre , Total_Revenue ] ) | With ( Panel ( 0 ) ) | Format ( type = [ 'table' ] ) | TaskOptions ( { \"0\" : { \"layout\" : \"Pie\" , \"alignment\" : { \"label\" : [ \"Genre\" ] , \"value\" : [ \"Total_Revenue\" ] , \"facet\" : [ ] } } } ) | Collect ( 500 ) ) ) ;","isMeta":false,"output":"Cannot find header for column input = Total_Revenue","operationType":["ERROR"]}]}