{"engineId":"4a4398f0-2b5e-49b6-869b-ff9a61f20ab4","engineName":"MovieDatabase","rdbmsId":"ccead1d5-5ead-449a-8b60-9b5b26e61b35","varstore":{},"frames":[{"file":"@BaseFolder@\\db\\@ENGINE@\\version\\ccead1d5-5ead-449a-8b60-9b5b26e61b35\\FRAME662355.gz","meta":"@BaseFolder@\\db\\@ENGINE@\\version\\ccead1d5-5ead-449a-8b60-9b5b26e61b35\\METADATA__FRAME662355.owl","state":null,"type":"prerna.ds.h2.H2Frame","name":"FRAME662355","keys":["FRAME662355","$CUR_FRAME_KEY"]}],"panels":[{"panelId":"0","panelLabel":null,"view":"visualization","viewOptions":"{\"type\":\"echarts\"}","viewOptionsMap":"{\"federate-view\":{\"core_engine\":\"MovieDatabase\"},\"visualization\":{\"type\":\"echarts\"}}","ornaments":"{\"showMenu\":true}","events":"{\"onSingleClick\":{\"Unfilter\":[{\"disabledVisuals\":[\"Grid\"],\"default\":true,\"query\":\"UnfilterFrame(<SelectedColumn>);\",\"options\":{},\"refresh\":true,\"disabled\":false,\"panel\":\"\"}]},\"onBrush\":{\"Filter\":[{\"default\":true,\"query\":\"if(IsEmpty(<SelectedValues>), UnfilterFrame(<SelectedColumn>), SetFrameFilter(<SelectedColumn>==<SelectedValues>));\",\"options\":{},\"refresh\":true,\"disabled\":false,\"panel\":\"\"}]}}","comments":"{}","position":"{}","filters":[],"order":[],"cbv":{}}],"tasks":{"tasks":[{"type":"basic","task":{"taskType":"basic","id":"task1","numCollected":500,"internalOffset":0,"taskOptions":"{\"options\":{\"0\":{\"layout\":\"Grid\",\"alignment\":{\"label\":[\"Director\",\"Genre\",\"MovieBudget\",\"Nominated\",\"Revenue_Domestic\",\"Revenue_International\",\"RottenTomatoes_Audience\",\"RottenTomatoes_Critics\",\"Studio\",\"Title\"]}}}}","qs":{"qsType":"FRAME","isDistinct":true,"overrideImplicit":false,"limit":0,"offset":0,"relations":"{}","selectors":["COLUMN",{"table":"Director","column":"PRIM_KEY_PLACEHOLDER","alias":"Director","tableAlias":null},"COLUMN",{"table":"Genre","column":"PRIM_KEY_PLACEHOLDER","alias":"Genre","tableAlias":null},"COLUMN",{"table":"MovieBudget","column":"PRIM_KEY_PLACEHOLDER","alias":"MovieBudget","tableAlias":null},"COLUMN",{"table":"Nominated","column":"PRIM_KEY_PLACEHOLDER","alias":"Nominated","tableAlias":null},"COLUMN",{"table":"Revenue_Domestic","column":"PRIM_KEY_PLACEHOLDER","alias":"Revenue_Domestic","tableAlias":null},"COLUMN",{"table":"Revenue_International","column":"PRIM_KEY_PLACEHOLDER","alias":"Revenue_International","tableAlias":null},"COLUMN",{"table":"RottenTomatoes_Audience","column":"PRIM_KEY_PLACEHOLDER","alias":"RottenTomatoes_Audience","tableAlias":null},"COLUMN",{"table":"RottenTomatoes_Critics","column":"PRIM_KEY_PLACEHOLDER","alias":"RottenTomatoes_Critics","tableAlias":null},"COLUMN",{"table":"Studio","column":"PRIM_KEY_PLACEHOLDER","alias":"Studio","tableAlias":null},"COLUMN",{"table":"Title","column":"PRIM_KEY_PLACEHOLDER","alias":"Title","tableAlias":null}]}}},{"type":"basic","task":{"taskType":"basic","id":"task3","numCollected":500,"internalOffset":0,"taskOptions":"{\"options\":{\"0\":{\"layout\":\"Column\",\"alignment\":{\"label\":[\"Title\"],\"value\":[\"MovieBudget\"],\"facet\":[]}}}}","qs":{"qsType":"FRAME","isDistinct":true,"overrideImplicit":false,"limit":0,"offset":0,"relations":"{}","selectors":["COLUMN",{"table":"Title","column":"PRIM_KEY_PLACEHOLDER","alias":"Title","tableAlias":null},"COLUMN",{"table":"MovieBudget","column":"PRIM_KEY_PLACEHOLDER","alias":"MovieBudget","tableAlias":null}]}}},{"type":"basic","task":{"taskType":"basic","id":"task5","numCollected":500,"internalOffset":0,"taskOptions":"{\"options\":{\"0\":{\"layout\":\"Column\",\"alignment\":{\"label\":[\"Title\"],\"value\":[\"MovieBudget\",\"Revenue_Domestic\"],\"facet\":[]}}}}","qs":{"qsType":"FRAME","isDistinct":true,"overrideImplicit":false,"limit":0,"offset":0,"relations":"{}","selectors":["COLUMN",{"table":"Title","column":"PRIM_KEY_PLACEHOLDER","alias":"Title","tableAlias":null},"COLUMN",{"table":"MovieBudget","column":"PRIM_KEY_PLACEHOLDER","alias":"MovieBudget","tableAlias":null},"COLUMN",{"table":"Revenue_Domestic","column":"PRIM_KEY_PLACEHOLDER","alias":"Revenue_Domestic","tableAlias":null}]}}},{"type":"basic","task":{"taskType":"basic","id":"task7","numCollected":500,"internalOffset":0,"taskOptions":"{\"options\":{\"0\":{\"layout\":\"Column\",\"alignment\":{\"label\":[\"Title\"],\"value\":[\"MovieBudget\",\"Revenue_Domestic\",\"Revenue_International\"],\"facet\":[]}}}}","qs":{"qsType":"FRAME","isDistinct":true,"overrideImplicit":false,"limit":0,"offset":0,"relations":"{}","selectors":["COLUMN",{"table":"Title","column":"PRIM_KEY_PLACEHOLDER","alias":"Title","tableAlias":null},"COLUMN",{"table":"MovieBudget","column":"PRIM_KEY_PLACEHOLDER","alias":"MovieBudget","tableAlias":null},"COLUMN",{"table":"Revenue_Domestic","column":"PRIM_KEY_PLACEHOLDER","alias":"Revenue_Domestic","tableAlias":null},"COLUMN",{"table":"Revenue_International","column":"PRIM_KEY_PLACEHOLDER","alias":"Revenue_International","tableAlias":null}]}}},{"type":"basic","task":{"taskType":"basic","id":"task9","numCollected":500,"internalOffset":0,"taskOptions":"{\"options\":{\"0\":{\"layout\":\"Column\",\"alignment\":{\"label\":[\"Studio\"],\"value\":[\"AverageofMovieBudget\",\"AverageofRevenue_Domestic\",\"AverageofRevenue_International\"],\"facet\":[]}}}}","qs":{"qsType":"FRAME","isDistinct":true,"overrideImplicit":false,"limit":0,"offset":0,"relations":"{}","groups":["{\"column\":\"PRIM_KEY_PLACEHOLDER\",\"table\":\"Studio\",\"alias\":\"\"}"],"selectors":["COLUMN",{"table":"Studio","column":"PRIM_KEY_PLACEHOLDER","alias":"Studio","tableAlias":null},"FUNCTION",{"alias":"AverageofMovieBudget","function":"mean","distinct":false,"colCast":"","innerSelectors":["COLUMN",{"table":"MovieBudget","column":"PRIM_KEY_PLACEHOLDER","alias":"MovieBudget","tableAlias":null}]},"FUNCTION",{"alias":"AverageofRevenue_Domestic","function":"mean","distinct":false,"colCast":"","innerSelectors":["COLUMN",{"table":"Revenue_Domestic","column":"PRIM_KEY_PLACEHOLDER","alias":"Revenue_Domestic","tableAlias":null}]},"FUNCTION",{"alias":"AverageofRevenue_International","function":"mean","distinct":false,"colCast":"","innerSelectors":["COLUMN",{"table":"Revenue_International","column":"PRIM_KEY_PLACEHOLDER","alias":"Revenue_International","tableAlias":null}]}]}}},{"type":"basic","task":{"taskType":"basic","id":"task11","numCollected":500,"internalOffset":0,"taskOptions":"{\"options\":{\"0\":{\"layout\":\"Column\",\"groupByInfo\":{\"uniqueInstances\":[\"Action-Adventure\",\"Comedy-Musical\",\"Documentary\",\"Drama\",\"Family-Animation\",\"Thriller-Horror\"],\"viewType\":\"Individual Instance\",\"selectedDim\":\"Genre\",\"instanceIndex\":\"0\"},\"alignment\":{\"label\":[\"Studio\"],\"value\":[\"AverageofMovieBudget\",\"AverageofRevenue_Domestic\",\"AverageofRevenue_International\"],\"facet\":[\"Genre\"]}}}}","qs":{"qsType":"FRAME","isDistinct":true,"overrideImplicit":false,"limit":0,"offset":0,"relations":"{}","groups":["{\"column\":\"PRIM_KEY_PLACEHOLDER\",\"table\":\"Studio\",\"alias\":\"\"}","{\"column\":\"PRIM_KEY_PLACEHOLDER\",\"table\":\"Genre\",\"alias\":\"\"}"],"selectors":["COLUMN",{"table":"Studio","column":"PRIM_KEY_PLACEHOLDER","alias":"Studio","tableAlias":null},"FUNCTION",{"alias":"AverageofMovieBudget","function":"mean","distinct":false,"colCast":"","innerSelectors":["COLUMN",{"table":"MovieBudget","column":"PRIM_KEY_PLACEHOLDER","alias":"MovieBudget","tableAlias":null}]},"FUNCTION",{"alias":"AverageofRevenue_Domestic","function":"mean","distinct":false,"colCast":"","innerSelectors":["COLUMN",{"table":"Revenue_Domestic","column":"PRIM_KEY_PLACEHOLDER","alias":"Revenue_Domestic","tableAlias":null}]},"FUNCTION",{"alias":"AverageofRevenue_International","function":"mean","distinct":false,"colCast":"","innerSelectors":["COLUMN",{"table":"Revenue_International","column":"PRIM_KEY_PLACEHOLDER","alias":"Revenue_International","tableAlias":null}]},"COLUMN",{"table":"Genre","column":"PRIM_KEY_PLACEHOLDER","alias":"Genre","tableAlias":null}],"explicitFilters":["SIMPLE",{"left":{"pixelType":"COLUMN","class":"prerna.query.querystruct.selectors.QueryColumnSelector","value":["COLUMN",{"table":"Genre","column":"PRIM_KEY_PLACEHOLDER","alias":"Genre","tableAlias":null}],"opType":["OPERATION"]},"comparator":"==","right":{"pixelType":"CONST_STRING","class":"java.lang.String","value":["Action-Adventure"],"opType":["OPERATION"]}}]}}},{"type":"basic","task":{"taskType":"basic","id":"task13","numCollected":500,"internalOffset":0,"taskOptions":"{\"options\":{\"0\":{\"layout\":\"Column\",\"groupByInfo\":{\"uniqueInstances\":[\"Action-Adventure\",\"Comedy-Musical\",\"Documentary\",\"Drama\",\"Family-Animation\",\"Thriller-Horror\"],\"viewType\":\"All Instances\",\"selectedDim\":\"Genre\",\"instanceIndex\":\"0\"},\"alignment\":{\"label\":[\"Studio\"],\"value\":[\"AverageofMovieBudget\",\"AverageofRevenue_Domestic\",\"AverageofRevenue_International\"],\"facet\":[\"Genre\"]}}}}","qs":{"qsType":"FRAME","isDistinct":true,"overrideImplicit":false,"limit":0,"offset":0,"relations":"{}","groups":["{\"column\":\"PRIM_KEY_PLACEHOLDER\",\"table\":\"Studio\",\"alias\":\"\"}","{\"column\":\"PRIM_KEY_PLACEHOLDER\",\"table\":\"Genre\",\"alias\":\"\"}"],"selectors":["COLUMN",{"table":"Studio","column":"PRIM_KEY_PLACEHOLDER","alias":"Studio","tableAlias":null},"FUNCTION",{"alias":"AverageofMovieBudget","function":"mean","distinct":false,"colCast":"","innerSelectors":["COLUMN",{"table":"MovieBudget","column":"PRIM_KEY_PLACEHOLDER","alias":"MovieBudget","tableAlias":null}]},"FUNCTION",{"alias":"AverageofRevenue_Domestic","function":"mean","distinct":false,"colCast":"","innerSelectors":["COLUMN",{"table":"Revenue_Domestic","column":"PRIM_KEY_PLACEHOLDER","alias":"Revenue_Domestic","tableAlias":null}]},"FUNCTION",{"alias":"AverageofRevenue_International","function":"mean","distinct":false,"colCast":"","innerSelectors":["COLUMN",{"table":"Revenue_International","column":"PRIM_KEY_PLACEHOLDER","alias":"Revenue_International","tableAlias":null}]},"COLUMN",{"table":"Genre","column":"PRIM_KEY_PLACEHOLDER","alias":"Genre","tableAlias":null}]}}},{"type":"basic","task":{"taskType":"basic","id":"task15","numCollected":500,"internalOffset":0,"taskOptions":"{\"options\":{\"0\":{\"layout\":\"Column\",\"groupByInfo\":{\"uniqueInstances\":[\"Action-Adventure\",\"Comedy-Musical\",\"Documentary\",\"Drama\",\"Family-Animation\",\"Thriller-Horror\"],\"viewType\":\"Individual Instance\",\"selectedDim\":\"Genre\",\"instanceIndex\":\"0\"},\"alignment\":{\"label\":[\"Studio\"],\"value\":[\"AverageofMovieBudget\",\"AverageofRevenue_Domestic\",\"AverageofRevenue_International\"],\"facet\":[\"Genre\"]}}}}","qs":{"qsType":"FRAME","isDistinct":true,"overrideImplicit":false,"limit":0,"offset":0,"relations":"{}","groups":["{\"column\":\"PRIM_KEY_PLACEHOLDER\",\"table\":\"Studio\",\"alias\":\"\"}","{\"column\":\"PRIM_KEY_PLACEHOLDER\",\"table\":\"Genre\",\"alias\":\"\"}"],"selectors":["COLUMN",{"table":"Studio","column":"PRIM_KEY_PLACEHOLDER","alias":"Studio","tableAlias":null},"FUNCTION",{"alias":"AverageofMovieBudget","function":"mean","distinct":false,"colCast":"","innerSelectors":["COLUMN",{"table":"MovieBudget","column":"PRIM_KEY_PLACEHOLDER","alias":"MovieBudget","tableAlias":null}]},"FUNCTION",{"alias":"AverageofRevenue_Domestic","function":"mean","distinct":false,"colCast":"","innerSelectors":["COLUMN",{"table":"Revenue_Domestic","column":"PRIM_KEY_PLACEHOLDER","alias":"Revenue_Domestic","tableAlias":null}]},"FUNCTION",{"alias":"AverageofRevenue_International","function":"mean","distinct":false,"colCast":"","innerSelectors":["COLUMN",{"table":"Revenue_International","column":"PRIM_KEY_PLACEHOLDER","alias":"Revenue_International","tableAlias":null}]},"COLUMN",{"table":"Genre","column":"PRIM_KEY_PLACEHOLDER","alias":"Genre","tableAlias":null}],"explicitFilters":["SIMPLE",{"left":{"pixelType":"COLUMN","class":"prerna.query.querystruct.selectors.QueryColumnSelector","value":["COLUMN",{"table":"Genre","column":"PRIM_KEY_PLACEHOLDER","alias":"Genre","tableAlias":null}],"opType":["OPERATION"]},"comparator":"==","right":{"pixelType":"CONST_STRING","class":"java.lang.String","value":["Action-Adventure"],"opType":["OPERATION"]}}]}}}],"taskCounter":16},"recipe":["AddPanel ( 0 ) ;","Panel ( 0 ) | AddPanelEvents ( { \"onSingleClick\" : { \"Unfilter\" : [ { \"panel\" : \"\" , \"query\" : \"UnfilterFrame(%3CSelectedColumn%3E)%3B\" , \"options\" : { } , \"refresh\" : true , \"default\" : true , \"disabledVisuals\" : [ \"Grid\" ] , \"disabled\" : false } ] } , \"onBrush\" : { \"Filter\" : [ { \"panel\" : \"\" , \"query\" : \"if(IsEmpty(%3CSelectedValues%3E)%2C%20UnfilterFrame(%3CSelectedColumn%3E)%2C%20SetFrameFilter(%3CSelectedColumn%3E%3D%3D%3CSelectedValues%3E))%3B\" , \"options\" : { } , \"refresh\" : true , \"default\" : true , \"disabled\" : false } ] } } ) ;","Panel ( 0 ) | RetrievePanelEvents ( ) ;","Panel ( 0 ) | SetPanelView ( \"visualization\" , \"%7B%22type%22%3A%22echarts%22%7D\" ) ;","Panel ( 0 ) | SetPanelView ( \"federate-view\" , \"%7B%22core_engine%22%3A%22MovieDatabase%22%7D\" ) ;","CreateFrame ( grid ) .as ( [ 'FRAME662355' ] ) ;","Database ( MovieDatabase ) | Select ( Director , Genre , Nominated , Studio , Title , Title__MovieBudget , Title__Revenue_Domestic , Title__Revenue_International , Title__RottenTomatoes_Audience , Title__RottenTomatoes_Critics ) .as ( [ Director , Genre , Nominated , Studio , Title , MovieBudget , Revenue_Domestic , Revenue_International , RottenTomatoes_Audience , RottenTomatoes_Critics ] ) | Join ( ( Title , inner.join , Studio ) , ( Title , inner.join , Director ) , ( Title , inner.join , Genre ) , ( Title , inner.join , Nominated ) ) | Import ( ) ;","Panel ( 0 ) | SetPanelView ( \"visualization\" ) ;","Panel ( 0 ) | SetPanelView ( \"visualization\" ) ;","Frame ( ) | Select ( Director , Genre , MovieBudget , Nominated , Revenue_Domestic , Revenue_International , RottenTomatoes_Audience , RottenTomatoes_Critics , Studio , Title ) .as ( [ Director , Genre , MovieBudget , Nominated , Revenue_Domestic , Revenue_International , RottenTomatoes_Audience , RottenTomatoes_Critics , Studio , Title ] ) | With ( Panel ( 0 ) ) | Format ( type = [ 'table' ] ) | TaskOptions ( { \"0\" : { \"layout\" : \"Grid\" , \"alignment\" : { \"label\" : [ \"Director\" , \"Genre\" , \"MovieBudget\" , \"Nominated\" , \"Revenue_Domestic\" , \"Revenue_International\" , \"RottenTomatoes_Audience\" , \"RottenTomatoes_Critics\" , \"Studio\" , \"Title\" ] } } } ) | Collect ( 500 ) ;","if ( ( HasDuplicates ( Title ) ) , ( Select ( Title , Average ( MovieBudget ) ) .as ( [ Title , AverageofMovieBudget ] ) | Group ( Title ) | With ( Panel ( 0 ) ) | Format ( type = [ 'table' ] ) | TaskOptions ( { \"0\" : { \"layout\" : \"Column\" , \"alignment\" : { \"label\" : [ \"Title\" ] , \"value\" : [ \"AverageofMovieBudget\" ] , \"facet\" : [ ] } } } ) | Collect ( 500 ) ) , ( Select ( Title , MovieBudget ) .as ( [ Title , MovieBudget ] ) | With ( Panel ( 0 ) ) | Format ( type = [ 'table' ] ) | TaskOptions ( { \"0\" : { \"layout\" : \"Column\" , \"alignment\" : { \"label\" : [ \"Title\" ] , \"value\" : [ \"MovieBudget\" ] , \"facet\" : [ ] } } } ) | Collect ( 500 ) ) ) ;","if ( ( HasDuplicates ( Title ) ) , ( Select ( Title , Average ( MovieBudget ) , Average ( Revenue_Domestic ) ) .as ( [ Title , AverageofMovieBudget , AverageofRevenue_Domestic ] ) | Group ( Title ) | With ( Panel ( 0 ) ) | Format ( type = [ 'table' ] ) | TaskOptions ( { \"0\" : { \"layout\" : \"Column\" , \"alignment\" : { \"label\" : [ \"Title\" ] , \"value\" : [ \"AverageofMovieBudget\" , \"AverageofRevenue_Domestic\" ] , \"facet\" : [ ] } } } ) | Collect ( 500 ) ) , ( Select ( Title , MovieBudget , Revenue_Domestic ) .as ( [ Title , MovieBudget , Revenue_Domestic ] ) | With ( Panel ( 0 ) ) | Format ( type = [ 'table' ] ) | TaskOptions ( { \"0\" : { \"layout\" : \"Column\" , \"alignment\" : { \"label\" : [ \"Title\" ] , \"value\" : [ \"MovieBudget\" , \"Revenue_Domestic\" ] , \"facet\" : [ ] } } } ) | Collect ( 500 ) ) ) ;","if ( ( HasDuplicates ( Title ) ) , ( Select ( Title , Average ( MovieBudget ) , Average ( Revenue_Domestic ) , Average ( Revenue_International ) ) .as ( [ Title , AverageofMovieBudget , AverageofRevenue_Domestic , AverageofRevenue_International ] ) | Group ( Title ) | With ( Panel ( 0 ) ) | Format ( type = [ 'table' ] ) | TaskOptions ( { \"0\" : { \"layout\" : \"Column\" , \"alignment\" : { \"label\" : [ \"Title\" ] , \"value\" : [ \"AverageofMovieBudget\" , \"AverageofRevenue_Domestic\" , \"AverageofRevenue_International\" ] , \"facet\" : [ ] } } } ) | Collect ( 500 ) ) , ( Select ( Title , MovieBudget , Revenue_Domestic , Revenue_International ) .as ( [ Title , MovieBudget , Revenue_Domestic , Revenue_International ] ) | With ( Panel ( 0 ) ) | Format ( type = [ 'table' ] ) | TaskOptions ( { \"0\" : { \"layout\" : \"Column\" , \"alignment\" : { \"label\" : [ \"Title\" ] , \"value\" : [ \"MovieBudget\" , \"Revenue_Domestic\" , \"Revenue_International\" ] , \"facet\" : [ ] } } } ) | Collect ( 500 ) ) ) ;","if ( ( HasDuplicates ( Studio ) ) , ( Select ( Studio , Average ( MovieBudget ) , Average ( Revenue_Domestic ) , Average ( Revenue_International ) ) .as ( [ Studio , AverageofMovieBudget , AverageofRevenue_Domestic , AverageofRevenue_International ] ) | Group ( Studio ) | With ( Panel ( 0 ) ) | Format ( type = [ 'table' ] ) | TaskOptions ( { \"0\" : { \"layout\" : \"Column\" , \"alignment\" : { \"label\" : [ \"Studio\" ] , \"value\" : [ \"AverageofMovieBudget\" , \"AverageofRevenue_Domestic\" , \"AverageofRevenue_International\" ] , \"facet\" : [ ] } } } ) | Collect ( 500 ) ) , ( Select ( Studio , MovieBudget , Revenue_Domestic , Revenue_International ) .as ( [ Studio , MovieBudget , Revenue_Domestic , Revenue_International ] ) | With ( Panel ( 0 ) ) | Format ( type = [ 'table' ] ) | TaskOptions ( { \"0\" : { \"layout\" : \"Column\" , \"alignment\" : { \"label\" : [ \"Studio\" ] , \"value\" : [ \"MovieBudget\" , \"Revenue_Domestic\" , \"Revenue_International\" ] , \"facet\" : [ ] } } } ) | Collect ( 500 ) ) ) ;","if ( ( HasDuplicates ( Studio , Genre ) ) , ( Select ( Studio , Average ( MovieBudget ) , Average ( Revenue_Domestic ) , Average ( Revenue_International ) , Genre ) .as ( [ Studio , AverageofMovieBudget , AverageofRevenue_Domestic , AverageofRevenue_International , Genre ] ) | Group ( Studio , Genre ) | Filter ( Genre == \"Action-Adventure\" ) | With ( Panel ( 0 ) ) | Format ( type = [ 'table' ] ) | TaskOptions ( { \"0\" : { \"layout\" : \"Column\" , \"alignment\" : { \"label\" : [ \"Studio\" ] , \"value\" : [ \"AverageofMovieBudget\" , \"AverageofRevenue_Domestic\" , \"AverageofRevenue_International\" ] , \"facet\" : [ \"Genre\" ] } , \"groupByInfo\" : { \"selectedDim\" : \"Genre\" , \"viewType\" : \"Individual Instance\" , \"instanceIndex\" : \"0\" , \"uniqueInstances\" : [ \"Action-Adventure\" , \"Comedy-Musical\" , \"Documentary\" , \"Drama\" , \"Family-Animation\" , \"Thriller-Horror\" ] } } } ) | Collect ( 500 ) ) , ( Select ( Studio , MovieBudget , Revenue_Domestic , Revenue_International , Genre ) .as ( [ Studio , MovieBudget , Revenue_Domestic , Revenue_International , Genre ] ) | Filter ( Genre == \"Action-Adventure\" ) | With ( Panel ( 0 ) ) | Format ( type = [ 'table' ] ) | TaskOptions ( { \"0\" : { \"layout\" : \"Column\" , \"alignment\" : { \"label\" : [ \"Studio\" ] , \"value\" : [ \"MovieBudget\" , \"Revenue_Domestic\" , \"Revenue_International\" ] , \"facet\" : [ \"Genre\" ] } , \"groupByInfo\" : { \"selectedDim\" : \"Genre\" , \"viewType\" : \"Individual Instance\" , \"instanceIndex\" : \"0\" , \"uniqueInstances\" : [ \"Action-Adventure\" , \"Comedy-Musical\" , \"Documentary\" , \"Drama\" , \"Family-Animation\" , \"Thriller-Horror\" ] } } } ) | Collect ( 500 ) ) ) ;","if ( ( HasDuplicates ( Studio , Genre ) ) , ( Select ( Studio , Average ( MovieBudget ) , Average ( Revenue_Domestic ) , Average ( Revenue_International ) , Genre ) .as ( [ Studio , AverageofMovieBudget , AverageofRevenue_Domestic , AverageofRevenue_International , Genre ] ) | Group ( Studio , Genre ) | With ( Panel ( 0 ) ) | Format ( type = [ 'table' ] ) | TaskOptions ( { \"0\" : { \"layout\" : \"Column\" , \"alignment\" : { \"label\" : [ \"Studio\" ] , \"value\" : [ \"AverageofMovieBudget\" , \"AverageofRevenue_Domestic\" , \"AverageofRevenue_International\" ] , \"facet\" : [ \"Genre\" ] } , \"groupByInfo\" : { \"selectedDim\" : \"Genre\" , \"viewType\" : \"All Instances\" , \"instanceIndex\" : \"0\" , \"uniqueInstances\" : [ \"Action-Adventure\" , \"Comedy-Musical\" , \"Documentary\" , \"Drama\" , \"Family-Animation\" , \"Thriller-Horror\" ] } } } ) | Collect ( 500 ) ) , ( Select ( Studio , MovieBudget , Revenue_Domestic , Revenue_International , Genre ) .as ( [ Studio , MovieBudget , Revenue_Domestic , Revenue_International , Genre ] ) | With ( Panel ( 0 ) ) | Format ( type = [ 'table' ] ) | TaskOptions ( { \"0\" : { \"layout\" : \"Column\" , \"alignment\" : { \"label\" : [ \"Studio\" ] , \"value\" : [ \"MovieBudget\" , \"Revenue_Domestic\" , \"Revenue_International\" ] , \"facet\" : [ \"Genre\" ] } , \"groupByInfo\" : { \"selectedDim\" : \"Genre\" , \"viewType\" : \"All Instances\" , \"instanceIndex\" : \"0\" , \"uniqueInstances\" : [ \"Action-Adventure\" , \"Comedy-Musical\" , \"Documentary\" , \"Drama\" , \"Family-Animation\" , \"Thriller-Horror\" ] } } } ) | Collect ( 500 ) ) ) ;","if ( ( HasDuplicates ( Studio , Genre ) ) , ( Select ( Studio , Average ( MovieBudget ) , Average ( Revenue_Domestic ) , Average ( Revenue_International ) , Genre ) .as ( [ Studio , AverageofMovieBudget , AverageofRevenue_Domestic , AverageofRevenue_International , Genre ] ) | Group ( Studio , Genre ) | Filter ( Genre == \"Action-Adventure\" ) | With ( Panel ( 0 ) ) | Format ( type = [ 'table' ] ) | TaskOptions ( { \"0\" : { \"layout\" : \"Column\" , \"alignment\" : { \"label\" : [ \"Studio\" ] , \"value\" : [ \"AverageofMovieBudget\" , \"AverageofRevenue_Domestic\" , \"AverageofRevenue_International\" ] , \"facet\" : [ \"Genre\" ] } , \"groupByInfo\" : { \"selectedDim\" : \"Genre\" , \"viewType\" : \"Individual Instance\" , \"instanceIndex\" : \"0\" , \"uniqueInstances\" : [ \"Action-Adventure\" , \"Comedy-Musical\" , \"Documentary\" , \"Drama\" , \"Family-Animation\" , \"Thriller-Horror\" ] } } } ) | Collect ( 500 ) ) , ( Select ( Studio , MovieBudget , Revenue_Domestic , Revenue_International , Genre ) .as ( [ Studio , MovieBudget , Revenue_Domestic , Revenue_International , Genre ] ) | Filter ( Genre == \"Action-Adventure\" ) | With ( Panel ( 0 ) ) | Format ( type = [ 'table' ] ) | TaskOptions ( { \"0\" : { \"layout\" : \"Column\" , \"alignment\" : { \"label\" : [ \"Studio\" ] , \"value\" : [ \"MovieBudget\" , \"Revenue_Domestic\" , \"Revenue_International\" ] , \"facet\" : [ \"Genre\" ] } , \"groupByInfo\" : { \"selectedDim\" : \"Genre\" , \"viewType\" : \"Individual Instance\" , \"instanceIndex\" : \"0\" , \"uniqueInstances\" : [ \"Action-Adventure\" , \"Comedy-Musical\" , \"Documentary\" , \"Drama\" , \"Family-Animation\" , \"Thriller-Horror\" ] } } } ) | Collect ( 500 ) ) ) ;","Panel ( 0 ) | AddPanelOrnaments ( { \"showMenu\" : true } ) ;","Panel ( 0 ) | RetrievePanelOrnaments ( \"showMenu\" ) ;"]}