{"insightID":"242150db-cc70-43e5-ae69-57c18e42f859","pixelReturn":[{"pixelExpression":"if ( ( HasDuplicates ( Studio , Genre ) ) , ( Select ( Studio , Average ( MovieBudget ) , Average ( Revenue_Domestic ) , Average ( Revenue_International ) , Genre ) .as ( [ Studio , AverageofMovieBudget , AverageofRevenue_Domestic , AverageofRevenue_International , Genre ] ) | Group ( Studio , Genre ) | Filter ( Genre == \"Action-Adventure\" ) | With ( Panel ( 0 ) ) | Format ( type = [ 'table' ] ) | TaskOptions ( { \"0\" : { \"layout\" : \"Column\" , \"alignment\" : { \"label\" : [ \"Studio\" ] , \"value\" : [ \"AverageofMovieBudget\" , \"AverageofRevenue_Domestic\" , \"AverageofRevenue_International\" ] , \"facet\" : [ \"Genre\" ] } , \"groupByInfo\" : { \"selectedDim\" : \"Genre\" , \"viewType\" : \"Individual Instance\" , \"instanceIndex\" : \"0\" , \"uniqueInstances\" : [ \"Action-Adventure\" , \"Comedy-Musical\" , \"Documentary\" , \"Drama\" , \"Family-Animation\" , \"Thriller-Horror\" ] } } } ) | Collect ( 500 ) ) , ( Select ( Studio , MovieBudget , Revenue_Domestic , Revenue_International , Genre ) .as ( [ Studio , MovieBudget , Revenue_Domestic , Revenue_International , Genre ] ) | Filter ( Genre == \"Action-Adventure\" ) | With ( Panel ( 0 ) ) | Format ( type = [ 'table' ] ) | TaskOptions ( { \"0\" : { \"layout\" : \"Column\" , \"alignment\" : { \"label\" : [ \"Studio\" ] , \"value\" : [ \"MovieBudget\" , \"Revenue_Domestic\" , \"Revenue_International\" ] , \"facet\" : [ \"Genre\" ] } , \"groupByInfo\" : { \"selectedDim\" : \"Genre\" , \"viewType\" : \"Individual Instance\" , \"instanceIndex\" : \"0\" , \"uniqueInstances\" : [ \"Action-Adventure\" , \"Comedy-Musical\" , \"Documentary\" , \"Drama\" , \"Family-Animation\" , \"Thriller-Horror\" ] } } } ) | Collect ( 500 ) ) ) ;","isMeta":false,"output":{"data":{"values":[["Artisan",2.0E7,9257103.0,0.0,"Action-Adventure"],["Buena_Vista",5.545454545454545E7,8.343925445454545E7,8.845161227272727E7,"Action-Adventure"],["CBS",1.6E7,2.14447855E7,2683219.0,"Action-Adventure"],["Dreamworks",7.0E7,2.16540909E8,2.653E8,"Action-Adventure"],["Focus",1.95E7,5.1266901E7,5.13569985E7,"Action-Adventure"],["Fox",6.288888888888889E7,1.4134517844444445E8,3.647769715555556E8,"Action-Adventure"],["Lionsgate",7.925E7,1.306468855E8,1.3198029175E8,"Action-Adventure"],["MGM",5.0E7,1.3263993E7,0.0,"Action-Adventure"],["Miramax",1.2616666666666666E7,6.80127945E7,8.201312633333333E7,"Action-Adventure"],["New_Line",9.266666666666667E7,2.4117905966666666E8,4.430772266666667E8,"Action-Adventure"],["Open_Road_Films",1.7E7,1.4083E7,9850000.0,"Action-Adventure"],["Orion_Pictures",0.0,1.4818176E7,0.0,"Action-Adventure"],["Paramount",9.3E7,1.197167285E8,9.2608775125E7,"Action-Adventure"],["Sony",9.65E7,1.5176697025E8,1.7838235525E8,"Action-Adventure"],["Summit",1.5E7,1.7017811E7,3.2212961E7,"Action-Adventure"],["Trimark",3000000.0,4109095.0,0.0,"Action-Adventure"],["Universal",9.41111111111111E7,6.3229828222222224E7,5.3190303E7,"Action-Adventure"],["WB",8.705555555555555E7,1.0205571333333333E8,1.545506258888889E8,"Action-Adventure"],["Weinstein_Company",8.5E7,1.416728595E8,2.31738485E8,"Action-Adventure"]],"headers":["Studio","AverageofMovieBudget","AverageofRevenue_Domestic","AverageofRevenue_International","Genre"],"rawHeaders":["STUDIO","AverageofMovieBudget","AverageofRevenue_Domestic","AverageofRevenue_International","GENRE"]},"format":{"type":"TABLE"},"headerInfo":[{"alias":"Studio","header":"Studio","type":"STRING","derived":false},{"alias":"AverageofMovieBudget","header":"AverageofMovieBudget","calculatedBy":"MovieBudget","math":"Average","groupBy":["Studio","Genre"],"type":"NUMBER","derived":true},{"alias":"AverageofRevenue_Domestic","header":"AverageofRevenue_Domestic","calculatedBy":"Revenue_Domestic","math":"Average","groupBy":["Studio","Genre"],"type":"NUMBER","derived":true},{"alias":"AverageofRevenue_International","header":"AverageofRevenue_International","calculatedBy":"Revenue_International","math":"Average","groupBy":["Studio","Genre"],"type":"NUMBER","derived":true},{"alias":"Genre","header":"Genre","type":"STRING","derived":false}],"sortInfo":[],"numCollected":500,"taskOptions":{"0":{"layout":"Column","groupByInfo":{"uniqueInstances":["Action-Adventure","Comedy-Musical","Documentary","Drama","Family-Animation","Thriller-Horror"],"viewType":"Individual Instance","selectedDim":"Genre","instanceIndex":"0"},"alignment":{"label":["Studio"],"value":["AverageofMovieBudget","AverageofRevenue_Domestic","AverageofRevenue_International"],"facet":["Genre"]}}},"filterInfo":[{"filterObj":{"comparator":"==","left":{"type":"COLUMN","value":"Genre"},"right":{"type":"CONST_STRING","value":"Action-Adventure"},"filterType":"SIMPLE"},"filterStr":"Genre == Action-Adventure"}],"taskId":"task1"},"operationType":["TASK_DATA"]}]}